image_id,labels
610.png,U+89DF 5 6 141 165 U+5ABA 133 1 137 172 U+FB8E 265 3 139 160 U+3A42 395 1 141 181 U+7E5B 525 4 147 158 U+6258 662 2 127 158 U+3B8E 8 214 129 139 U+EF13 133 181 126 179 U+2BBA 261 174 125 189 U+5EED 386 186 130 173 U+36E8 516 183 134 177 U+8CB3 651 182 129 176 U+C643 2 357 133 173 U+7D95 131 372 134 156 U+4214 258 363 141 167 U+3E65 392 375 124 154 U+BA98 522 375 130 159 U+F428 652 375 137 165 U+98B6 7 550 132 168 U+4D98 131 548 139 166 U+498E 263 542 137 175 U+2DBE 386 554 149 159 U+06D6 523 558 133 173 U+B3D6 642 561 141 150 U+23B8 2 740 117 153 U+F23E 119 744 128 156 U+B485 240 743 134 155 U+3023 375 742 122 157 U+8609 510 746 126 168 U+76C8 631 746 124 159
611.png,U+E324 91 33 121 139 U+00F2 272 33 115 139 U+062F 442 43 109 132 U+32B3 616 48 120 138 U+D2CC 794 40 125 132 U+F85E 89 218 127 126 U+8767 265 226 123 124 U+206D 445 233 118 116 U+0825 614 231 113 114 U+9991 784 225 120 119 U+8247 94 388 110 122 U+874D 265 391 108 127 U+FDD6 444 389 105 123 U+0689 623 385 108 126 U+DE0A 789 389 112 123 U+0978 85 562 126 124 U+3E39 266 562 121 121 U+36C6 441 562 119 115 U+DC1D 606 558 121 119 U+E4A1 780 561 131 120 U+E3C0 89 733 110 118 U+B3D5 276 738 103 114 U+6FBA 450 736 112 116 U+8FBB 620 732 115 123 U+9216 784 735 125 120
612.jpg,U+E6D8 4 249 113 122 U+7337 155 252 130 127 U+48B7 318 258 118 123 U+8636 482 253 134 129 U+7F54 641 255 126 125 U+7DBB 805 266 112 123 U+4139 965 270 117 116 U+06A1 1 405 111 134 U+2561 156 416 131 121 U+CFF4 307 420 128 121 U+DC17 481 431 123 120 U+7838 637 430 128 122 U+A522 803 429 120 119 U+76E0 957 431 125 127 U+27F2 6 586 101 100 U+B1B3 159 588 110 101 U+ABC1 327 591 98 102 U+575F 479 593 105 103 U+557F 642 581 112 115 U+ACC5 799 586 109 113 U+D0D9 967 597 97 103 U+51EC 1 741 96 96 U+FB28 165 737 101 102 U+B972 317 747 98 98 U+0FEA 476 746 106 93 U+FBD0 647 750 94 95 U+1075 792 747 99 103 U+196F 958 763 86 84 U+77B6 1 882 115 108 U+872E 153 901 126 94 U+5CC6 321 893 121 102 U+E334 469 893 132 103 U+1330 633 891 132 101 U+85C7 789 895 136 101 U+35F2 942 908 132 93
613.png,U+4CF0 39 4 57 57 U+419E 144 12 49 47 U+07D7 245 16 48 48 U+BD36 342 19 49 48 U+48F0 446 29 45 41 U+0B3D 534 32 48 44 U+2390 634 40 51 46 U+1DCD 724 46 48 42 U+9FBB 818 54 49 44 U+65E0 914 56 38 49 U+BEE0 15 78 72 60 U+38ED 132 89 59 53 U+0E99 240 95 52 48 U+F483 340 103 48 43 U+6FAD 441 106 55 46 U+9694 539 112 50 46 U+74FF 634 110 52 53 U+0C9C 732 118 55 51 U+5CD1 816 124 58 49 U+8F89 915 127 51 48 U+4ABC 16 160 62 54 U+5F31 130 169 55 48 U+14AA 234 173 60 48 U+F7A6 341 179 53 48 U+9D12 440 186 54 42 U+70F1 542 190 57 45 U+67A2 641 195 53 44 U+3E1A 740 198 49 43 U+4517 834 203 55 40 U+23B7 924 204 52 42 U+3EF2 9 246 68 52 U+752B 128 249 65 50 U+CEBA 235 258 65 42 U+F38C 342 261 63 44 U+5161 445 265 60 42 U+5E8F 549 267 60 42 U+A57C 642 270 63 46 U+93AB 743 278 62 41 U+DB2E 846 284 59 39 U+EF71 942 286 58 38 U+30B2 2 336 69 55 U+0A0D 114 342 66 53 U+B1CA 233 347 59 51 U+E4C9 343 345 55 56 U+F715 446 347 56 53 U+0312 554 355 58 47 U+BEAC 656 356 51 51 U+F660 749 358 62 53 U+3756 852 363 63 51 U+3D7A 954 369 51 44
614.png,U+7C2D 68 86 66 71 U+F539 136 90 61 67 U+6C19 199 92 66 66 U+00A2 264 92 66 65 U+86EA 329 92 64 68 U+72F1 70 257 64 65 U+1514 133 258 64 68 U+9278 199 259 63 68 U+7B11 260 259 64 68 U+D1B3 325 261 66 68 U+6441 67 423 64 63 U+2554 133 424 61 64 U+41A9 194 425 65 64 U+917A 257 428 62 64 U+DFFF 319 427 67 66 U+EAFF 69 581 62 62 U+883D 130 586 64 60 U+FDB1 191 587 61 61 U+4A3D 256 588 62 63 U+772C 317 590 64 65 U+98E7 68 743 59 57 U+3993 131 743 56 59 U+CEF8 193 747 56 60 U+6398 251 749 60 59 U+03B6 316 752 56 58
615.jpg,U+55A2 93 13 74 74 U+8E54 174 23 66 61 U+8EDE 252 21 70 71 U+38DD 327 19 72 71 U+420E 407 24 69 66 U+8BB9 483 23 72 68 U+4C55 560 18 76 69 U+103A 645 15 63 67 U+278B 715 17 70 67 U+CCE4 795 20 68 68 U+7136 868 22 73 68 U+4D6E 1 152 39 41 U+A99A 350 165 45 41 U+1741 393 164 40 41 U+3C15 741 157 37 41 U+45A0 780 157 42 42 U+D96D 75 335 77 81 U+B29E 200 338 79 79 U+AA7A 321 339 75 75 U+C08D 439 338 77 74 U+826A 563 335 77 78 U+EEAC 678 337 77 67 U+D6D7 798 330 75 77 U+2CC9 917 334 70 71 U+05FD 76 482 85 74 U+F97B 200 488 86 67 U+7601 322 486 84 69 U+F661 442 485 80 76 U+C9C1 565 483 84 75 U+F543 681 485 81 69 U+1D04 807 481 85 67 U+6686 925 483 78 70 U+B6E8 67 631 89 81 U+0BB2 197 632 86 80 U+212D 317 635 86 75 U+287D 441 631 86 73 U+58F8 568 634 78 78 U+B83B 684 625 87 85 U+3E65 809 625 84 83 U+A68F 928 627 82 81 U+45E3 71 783 90 82 U+E894 198 785 91 83 U+0B19 316 784 93 77 U+D9DF 447 789 89 83 U+A8A8 571 787 86 78 U+EDA0 695 789 84 81 U+DB47 817 788 85 76 U+FFDC 940 783 86 79 U+239F 61 941 100 85 U+CAFA 203 948 81 78 U+A22F 326 945 83 79 U+3FB8 454 940 85 88 U+6A39 576 940 87 83 U+042E 699 941 87 83 U+3F56 829 942 82 82 U+0252 954 938 78 76
616.png,U+F229 381 254 76 68 U+1EAD 491 238 66 74 U+4FED 593 229 65 75 U+9C43 701 215 65 79 U+A768 147 392 86 82 U+CED1 228 388 87 79 U+E7F5 313 375 85 79 U+5307 402 370 81 85 U+7849 486 356 86 92 U+5BB1 572 348 86 90 U+340B 659 338 86 91 U+EDE6 743 327 93 94 U+519C 841 323 86 90 U+7980 930 310 86 90 U+2DD8 147 477 75 67 U+4B12 234 471 79 73 U+3400 322 467 77 78 U+CEAF 410 454 80 69 U+676F 495 451 81 73 U+457B 581 442 78 81 U+658F 665 433 83 84 U+14FA 756 423 85 87 U+04BA 844 419 88 82 U+11B8 936 408 85 82 U+8E42 150 552 57 67 U+7CDB 238 554 55 65 U+10B9 328 552 65 67 U+DBB0 412 548 63 61 U+39DA 501 540 67 71 U+06D7 591 530 55 71 U+F16D 674 527 70 72 U+1D56 768 516 59 74 U+141F 855 512 63 67 U+32D2 949 496 61 79 U+1618 128 621 71 72 U+591E 223 623 85 78 U+57C9 318 623 68 76 U+EC90 409 618 78 79 U+7460 499 613 69 82 U+0F2E 589 609 66 77 U+8D4F 678 604 68 82 U+795A 768 595 65 87 U+EE5E 857 587 70 90 U+B51D 950 578 75 92 U+FD1A 107 698 96 71 U+413E 210 702 92 70 U+9762 307 705 91 69 U+33EA 403 702 92 77 U+E91E 493 701 81 76 U+4CE9 584 698 88 73 U+E6EA 672 692 92 76 U+E237 763 690 89 76 U+36BD 857 682 87 75 U+0979 948 677 98 78
617.png,U+2ED9 1 116 123 146 U+01E3 222 111 170 145 U+3951 481 120 163 144 U+F1D7 729 121 111 144 U+27DE 3 478 78 144 U+1865 229 466 107 174 U+914E 498 450 106 170 U+03B2 1 841 72 188 U+C7F6 215 838 125 194 U+B04A 487 834 127 210 U+F019 193 1268 154 149 U+2BA7 462 1283 140 141 U+66C0 744 1278 91 155
618.jpg,U+8D90 26 537 199 196 U+E6B8 238 537 199 206 U+E9FF 444 519 199 225 U+2276 667 514 172 222 U+8563 831 511 238 217 U+6E4E 1074 510 207 210 U+B12D 1 786 203 195 U+F75C 218 793 192 184 U+A194 423 799 204 180 U+E4D8 633 786 208 188 U+9ABC 839 773 216 204 U+F6A4 1051 791 234 193 U+40DF 5 1027 210 208 U+9CA5 213 1037 212 200 U+D8C9 415 1041 212 202 U+311B 655 1044 187 188 U+7F6E 858 1031 199 199 U+B52A 1067 1030 197 200 U+EC00 5 1301 176 213 U+D7DE 197 1289 204 223 U+8828 427 1295 203 206 U+F95E 649 1305 190 209 U+9950 872 1300 196 214 U+87EF 1089 1306 194 215 U+1E05 1 1570 190 210 U+E0BE 200 1574 216 201 U+5510 425 1572 196 201 U+BA5F 647 1548 210 229 U+3188 869 1551 217 242 U+21A9 1096 1562 211 218
619.jpg,U+945F 224 1 352 325 U+1BFB 63 570 164 179 U+0715 262 583 154 151 U+2644 484 576 122 150 U+0802 664 580 120 157 U+5017 831 566 172 166
620.jpg,U+6B30 162 29 158 195 U+7785 453 5 192 177 U+9519 772 1 210 175 U+B407 159 338 162 209 U+51A8 462 320 162 210 U+3244 763 310 171 214 U+4322 193 663 160 151 U+2B83 486 662 164 152 U+0FB9 795 669 171 139 U+2C19 166 973 200 184 U+F11A 470 969 189 202 U+0DA5 787 982 197 180 U+E546 180 1288 189 152 U+2D73 481 1278 193 176 U+C32D 789 1272 207 205
621.png,U+4407 116 174 84 82 U+6033 203 165 92 90 U+E70A 297 173 84 79 U+12C6 384 171 87 79 U+DB04 480 169 80 79
622.png,U+CB7E 26 75 118 122 U+B65E 194 75 124 118 U+0975 361 76 120 130 U+2905 537 76 112 126 U+81B2 695 77 124 124 U+113F 26 275 139 123 U+D7AA 198 272 120 120 U+6644 363 277 127 110 U+B368 534 281 120 114 U+1F01 694 283 135 112 U+F414 38 465 99 128 U+C7EE 209 461 93 129 U+84C1 367 453 103 133 U+FE7A 531 457 101 133 U+7771 700 451 103 138 U+96AB 42 655 136 138 U+67D6 206 653 129 134 U+0B97 370 655 133 131 U+96B3 528 650 140 134 U+AAFD 702 647 125 140 U+93AC 42 855 133 126 U+B8CD 208 855 122 125 U+328F 377 857 125 120 U+7F29 538 848 123 127 U+8D21 695 838 127 125
623.png,U+0CEF 1 560 173 154 U+0F6E 237 552 165 148 U+060A 453 581 184 155 U+0AED 668 556 201 175 U+FA25 17 762 177 170 U+61F3 236 781 191 161 U+3B49 450 776 184 163 U+4B3B 669 805 200 163 U+02C3 36 953 202 162 U+C3CF 258 979 172 153 U+22E8 461 987 180 153 U+766C 674 1000 191 153 U+E156 44 1149 191 146 U+6000 253 1160 165 129 U+9458 441 1160 188 148 U+823A 658 1189 173 130 U+84A3 55 1338 169 153 U+C629 241 1327 175 151 U+EABB 453 1340 170 144 U+1CE0 655 1356 172 139
624.jpg,U+C45D 201 682 53 50 U+217B 262 685 46 45 U+9B19 314 684 54 49 U+4D19 373 684 50 49 U+8896 424 685 55 50 U+2112 483 687 49 50 U+7D9B 536 686 53 50 U+7F87 594 686 49 46 U+D870 649 683 48 49 U+2D90 706 682 51 52 U+1C30 758 680 57 49 U+AE0C 182 894 64 76 U+5E08 268 895 69 74 U+EF24 361 892 76 74 U+9FF1 445 896 72 76 U+5361 530 891 76 77 U+91FC 621 889 70 85 U+5FE9 709 886 66 79 U+802B 792 884 76 68 U+A766 167 1003 78 67 U+9108 257 1000 82 68 U+07B6 351 999 71 67 U+1FBF 443 1001 66 67 U+FBD5 531 998 72 64 U+1C2E 622 992 63 66 U+BEDB 709 992 74 65 U+F84C 804 981 72 67 U+22F6 167 1111 68 61 U+49D5 262 1108 68 65 U+3A39 351 1109 64 60 U+FA27 445 1106 67 59 U+8997 539 1106 64 58 U+4912 622 1103 72 60 U+48F7 715 1098 67 62 U+06F4 814 1090 61 62 U+3ED5 160 1221 75 70 U+A4FD 251 1219 74 70 U+4F33 344 1218 79 73 U+9428 442 1217 76 69 U+0B16 533 1214 73 72 U+54A6 624 1206 84 77 U+3F46 722 1206 79 71 U+A155 814 1196 89 76 U+D3F0 147 1335 74 71 U+86ED 250 1334 74 71 U+4AD9 340 1329 74 76 U+E8AF 436 1319 85 85 U+51AC 539 1320 80 87 U+67C9 629 1319 88 77 U+D60C 723 1316 91 80 U+8535 831 1312 89 82
625.png,U+E38D 147 4 73 89 U+6014 255 4 64 95 U+E34C 356 11 63 89 U+20D4 444 14 83 85 U+F101 549 15 66 84 U+030F 643 17 87 87 U+5C5D 745 16 72 79 U+C4B1 846 11 71 85 U+1D2A 144 107 77 67 U+2F00 258 102 59 74 U+6FD3 351 112 64 62 U+7676 457 110 55 64 U+903F 556 114 58 69 U+EAA1 653 111 61 69 U+9F24 759 112 63 71 U+630F 859 112 62 71 U+0998 135 196 70 74 U+C516 240 205 72 76 U+117D 342 198 70 81 U+739F 442 206 69 80 U+D821 534 207 76 74 U+8EBF 644 208 73 81 U+FFE2 749 208 74 82 U+4822 856 213 78 78 U+2CAE 120 298 91 83 U+2834 226 293 95 86 U+12DF 337 301 87 81 U+A6ED 435 298 93 78 U+DDBB 545 299 88 78 U+64EA 653 304 89 74 U+DAE1 756 307 92 81 U+D263 860 307 88 72 U+5B35 112 396 90 86 U+D686 232 400 79 81 U+2665 339 403 73 80 U+4DE0 440 405 84 85 U+10BC 551 407 80 82 U+AE42 655 410 88 80 U+8F3B 766 409 87 79 U+1635 870 409 96 86 U+5379 738 504 34 37 U+0635 845 504 32 38 U+C689 943 508 27 36
626.png,U+A2A4 37 65 67 69 U+3EAB 126 59 68 65 U+8448 214 51 75 68 U+2449 306 42 70 68 U+955F 392 41 80 74 U+A6E5 490 40 73 67 U+F8B9 584 40 75 66 U+0B50 679 39 69 71 U+B052 772 31 78 76 U+BD00 865 28 76 78 U+72C3 32 144 64 72 U+4C53 121 141 69 68 U+8D4D 207 133 76 75 U+3292 302 127 71 77 U+26CF 395 122 74 75 U+FF41 487 116 77 78 U+114E 584 119 77 70 U+504E 676 120 81 73 U+2877 774 112 76 81 U+5A17 872 113 72 75 U+0151 18 226 80 74 U+5FA7 110 226 79 69 U+3981 202 217 77 73 U+08E0 307 218 60 63 U+614C 392 208 74 71 U+EE76 486 208 76 74 U+CFD1 585 200 73 71 U+A7A7 684 199 68 74 U+F468 782 202 73 72 U+317F 876 198 76 76 U+FED2 13 309 64 74 U+C591 110 305 64 79 U+0419 207 301 56 75 U+CAF2 299 298 57 75 U+CF98 388 293 64 81 U+603D 483 288 71 82 U+75A7 579 290 68 79 U+57E8 678 282 68 84 U+33D7 778 283 73 79 U+7049 879 281 74 80 U+93E8 5 393 72 88 U+9D6A 102 391 77 87 U+55D4 196 389 82 88 U+EB50 291 385 83 88 U+AD44 389 383 79 86 U+292D 483 378 86 92 U+6664 582 377 86 86 U+78C3 687 373 77 89 U+01B9 781 371 91 90 U+95EF 886 367 85 89
627.png,U+7CC3 33 113 83 96 U+3BFF 163 118 82 108 U+35EA 308 142 71 99 U+C76A 433 162 73 99 U+C926 545 183 67 86 U+FF4C 657 208 68 81 U+6038 765 225 63 84 U+426F 868 243 59 77 U+434B 962 257 60 82 U+BBF1 18 299 88 86 U+30C0 163 316 81 84 U+BCEA 296 342 77 70 U+7D42 413 362 74 70 U+113F 533 380 75 72 U+6B83 646 400 68 61 U+A0EF 756 414 63 63 U+DFD2 854 427 68 64 U+3AF1 944 434 68 64 U+13B5 19 498 66 81 U+985E 177 513 59 82 U+AF17 311 522 55 71 U+E8C4 436 542 56 74 U+9C12 555 555 46 62 U+705D 665 564 44 63 U+EAAB 771 577 46 64 U+1CB8 865 584 51 67 U+2638 965 593 44 61 U+6A15 1 685 87 118 U+C8BD 149 698 84 98 U+BB56 290 691 91 118 U+15DF 414 707 89 104 U+595C 536 713 85 105 U+7783 653 724 72 92 U+D12F 760 731 68 90 U+DF44 862 734 71 92 U+A220 957 741 70 92 U+FFCD 1 896 94 125 U+D11B 151 900 95 122 U+2363 288 882 85 114 U+D3A5 416 895 93 104 U+D45A 541 894 86 103 U+82CC 653 893 86 106 U+9844 758 898 80 100 U+21C2 881 901 65 94 U+8941 973 900 77 92
628.png,U+BE32 229 132 106 141 U+5340 230 311 105 143 U+801A 249 476 85 156 U+AC02 261 672 85 144 U+D067 253 893 97 129
629.png,U+96D3 21 349 123 115 U+F627 179 343 128 117 U+F968 341 346 113 124 U+FC55 505 343 129 132 U+6FEF 670 353 82 114 U+B4E9 23 519 104 105 U+8306 192 524 120 105 U+513E 351 526 107 107 U+9908 524 515 104 117 U+8B93 666 518 86 111 U+EB89 36 673 84 132 U+AE2F 207 682 75 123 U+4173 371 680 75 116 U+24DA 528 679 76 119 U+C0FB 673 680 75 120 U+53A9 43 838 97 108 U+88DF 196 823 100 107 U+FFF3 359 824 94 115 U+44AD 509 821 101 108 U+910D 657 819 95 117 U+A7A6 34 978 121 119 U+8385 197 977 121 114 U+C43F 356 970 122 118 U+90B5 507 967 128 121 U+CD6D 656 974 96 113
630.png,U+2B97 56 103 59 80 U+D3D5 168 96 52 85 U+A19A 238 94 60 82 U+28BA 315 89 70 85 U+D725 414 78 68 89 U+6688 498 71 76 85 U+8C3A 588 61 66 80 U+0EBA 689 53 70 74 U+C83C 773 45 74 86 U+CE3D 870 32 70 86 U+A528 960 33 69 86 U+097A 50 259 59 73 U+51C9 149 258 56 78 U+BF11 237 242 59 81 U+9DEB 322 233 52 80 U+A221 411 223 55 78 U+1156 503 219 51 79 U+15F8 595 201 55 87 U+6FF9 693 200 65 76 U+4E7E 782 197 57 72 U+40AE 878 186 67 84 U+6C26 981 198 65 79 U+879C 43 419 67 70 U+6664 143 403 57 76 U+30AC 226 401 55 68 U+BF4A 332 384 52 69 U+A005 406 373 59 82 U+649A 505 382 60 71 U+F90B 594 364 64 73 U+E01B 699 350 63 73 U+1FA8 795 349 58 70 U+4F2B 871 336 75 71 U+0166 970 350 68 67 U+77CF 46 557 61 75 U+D978 139 545 70 78 U+45FA 225 526 72 95 U+B3CE 317 529 74 89 U+BE7D 400 526 70 77 U+ECD2 492 531 58 75 U+F9AB 604 520 64 77 U+50BC 677 505 62 80 U+2D06 785 515 59 71 U+1509 887 486 69 78 U+EAD0 985 487 61 89 U+ACA9 39 716 67 70 U+EA9C 133 703 70 65 U+9AEB 220 695 71 76 U+9C79 304 686 72 83 U+2017 393 669 75 82 U+9743 487 675 79 72 U+3C6F 590 658 83 84 U+3570 681 663 89 75 U+6110 782 649 82 80 U+5907 874 638 80 87 U+5409 987 643 71 82
631.png,U+2898 47 229 94 102 U+715E 169 230 100 103 U+C50D 298 223 102 112 U+E6F6 421 225 99 105 U+AF9B 555 225 98 106 U+A2C8 684 224 105 108 U+B8C2 39 355 110 110 U+2EBF 166 356 113 102 U+D11B 294 352 110 112 U+125F 423 354 102 96 U+8B7D 549 358 100 95 U+2961 682 365 101 89 U+6EA2 41 474 103 107 U+9D57 167 475 109 107 U+C991 298 479 108 105 U+DAAC 425 473 107 100 U+E35F 554 479 99 100 U+25A9 684 476 105 102 U+B650 47 606 98 98 U+016F 174 600 97 101 U+E7CA 304 610 90 99 U+B543 429 611 101 103 U+EF25 555 603 101 104 U+D29C 693 602 98 106 U+48FA 49 732 85 115 U+A08D 174 734 91 115 U+5E68 305 735 77 120 U+623E 435 735 84 119 U+C49B 563 732 78 125 U+49AA 693 733 83 118 U+9625 38 890 94 83 U+F79F 172 884 87 91 U+6089 300 883 84 95 U+1813 430 877 92 96 U+AA52 565 884 81 100 U+43E6 696 882 81 92 U+97A6 29 1012 110 93 U+2F79 162 1003 94 99 U+A410 291 1000 103 96 U+3955 422 998 105 103 U+C3E9 558 1006 109 103 U+0F7A 683 1006 111 109 U+268F 24 1143 101 90 U+C01B 153 1138 103 89 U+288A 286 1138 96 88 U+D843 418 1132 96 95 U+7F12 559 1143 94 81 U+3AFD 677 1136 103 87 U+562B 33 1273 104 103 U+8CCB 168 1268 107 110 U+33C6 301 1268 99 104 U+B71B 427 1268 113 106 U+35A2 557 1258 112 112 U+C574 689 1256 118 112 U+2E69 17 1409 103 112 U+D264 153 1403 106 118 U+B4C9 288 1402 105 122 U+A33F 419 1403 113 118 U+67B9 559 1407 100 107 U+5BE9 694 1403 93 105
632.jpg,U+9C5E 354 253 77 64 U+4F87 459 255 74 65 U+895D 568 264 60 53 U+0D49 669 260 61 56 U+67C9 768 257 74 58 U+A37F 872 252 66 64 U+F852 976 247 71 57 U+A9BE 345 336 88 59 U+346D 459 336 80 55 U+936D 560 337 84 57 U+F7E2 658 342 84 56 U+CA39 765 336 92 59 U+A629 869 336 87 54 U+7FD5 980 335 90 58 U+4F86 340 418 84 58 U+A7CA 447 419 68 57 U+4E63 557 419 76 58 U+6D9F 661 423 78 51 U+5559 761 417 80 63 U+ACEF 874 416 84 60 U+426B 981 414 83 63 U+4898 334 495 83 66 U+40E0 437 494 83 64 U+7675 552 495 75 60 U+400F 661 497 80 61 U+DB3A 769 496 80 61 U+3262 884 493 83 64 U+5FB7 993 496 84 61 U+ED17 321 587 87 59 U+F5BF 436 587 82 59 U+5051 544 588 84 56 U+C843 656 587 82 54 U+8E3B 773 585 86 59 U+F007 883 583 90 62 U+91BB 1000 586 82 56
633.png,U+2D4B 79 201 76 76 U+EBBA 185 197 80 78 U+AE3B 297 195 82 90 U+CB2C 405 197 84 78 U+BFEE 520 199 81 82 U+C568 617 201 79 84 U+D7AD 725 200 78 95 U+5A77 838 206 73 83 U+E9F6 939 218 73 82 U+2AD4 77 360 82 84 U+366C 185 361 81 83 U+2D44 293 363 76 74 U+232A 402 369 79 74 U+A7FA 510 368 81 77 U+B3AA 621 365 85 86 U+028A 723 373 78 81 U+D6D3 847 379 72 78 U+451C 949 381 79 82 U+838E 71 527 74 80 U+4A5F 177 529 66 82 U+9887 297 525 64 68 U+8940 408 527 63 68 U+09FB 525 530 62 73 U+BEA9 633 531 64 79 U+C83C 742 531 69 86 U+829A 861 541 72 74 U+0D86 959 553 63 69 U+815B 49 703 100 90 U+22B3 167 703 90 85 U+C352 281 707 89 86 U+335A 400 707 90 90 U+6BCE 510 713 95 83 U+E61C 627 704 90 91 U+10DC 740 709 95 89 U+4691 850 713 98 90 U+981D 956 714 89 88 U+8AA4 37 881 92 80 U+CB4E 153 883 92 76 U+DD68 277 891 85 71 U+CEB4 388 892 85 75 U+344E 503 887 86 84 U+A754 625 890 79 74 U+F10A 729 895 81 72 U+CF12 841 897 98 78 U+FB61 965 901 80 76
634.png,U+ADD5 124 322 83 103 U+E3EB 283 331 78 99 U+D5FC 452 341 79 101 U+DC21 613 338 72 115 U+866C 777 341 87 112 U+A93B 960 350 68 113 U+6015 89 525 97 88 U+92A9 274 548 99 82 U+EAD7 430 555 107 93 U+D0DF 597 567 102 86 U+815C 777 572 96 83 U+282A 931 575 101 84 U+5B8A 119 723 75 112 U+CA8E 277 748 93 101 U+EA49 453 757 80 88 U+D6B2 620 749 78 98 U+F926 781 764 79 91 U+2198 952 763 92 111 U+AE64 114 941 75 104 U+942B 282 948 80 103 U+F29E 449 958 70 100 U+68C8 615 953 70 116 U+4F6A 783 969 70 95 U+DE50 957 972 63 96 U+7B22 117 1144 74 101 U+EBC6 287 1143 75 126 U+C619 461 1163 75 118 U+653F 623 1163 72 105 U+9A72 792 1172 69 116 U+EB21 960 1174 71 99
635.png,U+BC2F 62 87 72 81 U+CDD5 202 78 68 79 U+7D2B 352 77 67 76 U+CFBD 491 78 80 80 U+D630 633 73 83 75 U+9C54 788 62 72 75 U+3DA1 945 50 80 100 U+3DDC 1099 40 86 83 U+5056 1260 37 87 94 U+188F 1434 23 99 106 U+E194 46 224 83 104 U+EA8A 194 227 88 99 U+247B 333 226 90 101 U+64CE 482 211 100 112 U+8047 623 218 92 93 U+2368 782 210 92 104 U+0381 934 205 97 105 U+9C15 1099 195 90 105 U+D925 1253 197 99 108 U+E73D 1428 195 87 91 U+B633 35 357 94 119 U+522B 189 372 79 101 U+1BAA 329 371 81 104 U+4613 481 364 92 112 U+A499 632 366 79 118 U+2047 787 365 86 98 U+4A7E 942 350 82 118 U+EBD4 1102 357 90 120 U+8574 1263 358 90 115 U+3102 1428 365 101 108 U+1B61 28 519 90 112 U+D0E7 178 515 83 114 U+50E5 317 523 97 114 U+0A4E 481 521 82 120 U+94F6 631 527 80 109 U+1DB2 778 517 108 115 U+4A87 944 519 90 116 U+0AAF 1097 524 97 109 U+F2EA 1263 526 91 107 U+AC47 1431 528 97 113 U+06BC 23 667 85 127 U+596A 165 676 88 117 U+9A85 322 668 80 120 U+EBA4 473 672 83 120 U+09A9 635 674 78 130 U+1C5E 788 672 75 107 U+E36B 945 679 82 113 U+3897 1106 678 88 115 U+D278 1265 676 97 123 U+0249 1442 676 89 123
636.png,U+1E25 1 615 35 67 U+87F4 57 615 56 68 U+101B 136 617 55 59 U+86D4 216 616 65 65 U+3159 299 616 60 59 U+CDCB 382 620 56 63 U+1963 460 619 63 64 U+F7E6 542 620 62 68 U+BD68 625 617 59 66 U+9A43 706 617 60 66 U+C705 4 702 45 56 U+2421 52 698 73 63 U+93EF 133 688 72 71 U+21E6 211 695 75 68 U+C713 289 695 73 72 U+E5D8 369 692 71 72 U+4C17 449 698 74 65 U+CC08 532 695 78 69 U+46C9 611 699 78 65 U+923B 687 703 73 68 U+C43E 1 774 41 78 U+9BC6 58 771 62 77 U+A6A7 133 773 64 74 U+FDD5 215 776 65 75 U+FA92 296 773 65 72 U+3462 376 772 60 77 U+0589 452 776 63 79 U+DD49 530 774 60 80 U+ADFF 610 769 67 82 U+E37E 690 776 59 81 U+8CB3 1 851 42 67 U+C5B5 57 848 65 72 U+89F9 138 849 63 72 U+002F 217 851 63 71 U+1C23 293 847 73 81 U+D92E 372 852 69 72 U+1DD3 449 853 61 70 U+0CCC 533 852 59 72 U+B2DB 608 854 67 70 U+5631 691 857 70 72 U+27ED 1 935 51 55 U+128B 62 932 70 57 U+4B4F 137 931 72 62 U+E998 214 935 72 58 U+66E5 291 933 76 59 U+B334 379 930 59 58 U+3C25 448 937 65 54 U+7ED4 522 933 73 64 U+4BF3 601 934 75 62 U+5D2E 683 937 71 60
637.jpg,U+A8BF 55 1 90 76 U+2F2B 48 134 91 85 U+98B7 43 265 89 102 U+370C 637 1 95 90 U+3C6A 779 2 93 96 U+18FE 631 135 82 101 U+7ED7 778 139 76 101 U+41A8 621 285 102 78 U+4FB5 765 288 100 73 U+E8E6 66 688 97 94 U+2F91 193 690 102 98 U+8401 317 684 95 100 U+CC8B 452 682 96 95 U+B790 580 678 106 97 U+72AF 708 672 106 103 U+43E0 840 671 105 106 U+15F5 970 667 114 102 U+58DB 1 692 45 89 U+9E3F 1 812 68 101 U+D4F9 84 819 117 93 U+7FB5 208 822 108 86 U+9A38 333 821 109 94 U+774A 459 818 104 85 U+DCB5 587 826 95 88 U+7376 712 819 102 87 U+84F5 843 821 97 92 U+9C6B 972 817 106 84 U+F3B2 1 942 62 89 U+68E1 93 936 85 90 U+45AA 216 943 87 88 U+7601 333 934 92 98 U+D326 456 940 98 92 U+2D95 583 937 83 89 U+1BB3 713 930 92 98 U+193D 827 933 100 97 U+D5F0 962 938 93 94 U+F447 1 1058 83 112 U+CB9A 101 1054 106 114 U+4245 224 1061 99 107 U+D649 334 1053 109 115 U+3622 469 1052 115 114 U+21C9 593 1051 112 110 U+2F86 718 1051 115 112 U+BC9E 843 1049 109 116 U+2ED2 967 1047 100 120 U+9D54 1 1190 82 77 U+1EC2 103 1179 101 94 U+F3C5 232 1188 94 88 U+A51B 340 1185 99 90 U+70FC 474 1188 101 87 U+2889 583 1180 105 93 U+EC27 710 1186 106 84 U+C976 842 1185 98 94 U+0CCB 971 1183 102 95
638.png,U+99EA 117 89 72 92 U+B3D1 240 100 71 95 U+7C69 368 90 70 105 U+A1BD 484 95 76 102 U+4103 616 95 70 100 U+27F4 738 91 74 101 U+ED23 863 93 64 101 U+EDAC 112 218 79 81 U+C67C 234 224 75 74 U+45EE 356 224 77 84 U+A29D 481 225 81 81 U+C370 604 227 73 82 U+1D04 722 228 82 87 U+3282 855 226 67 77 U+D2E2 110 337 76 81 U+2B63 237 350 77 69 U+4F93 363 352 71 73 U+B4AF 478 353 89 85 U+F0CF 608 349 78 84 U+62AA 732 350 76 83 U+75A4 860 354 69 70 U+B948 119 453 77 110 U+A70C 245 454 74 114 U+BA73 372 460 73 112 U+54BF 488 457 81 112 U+3196 617 467 75 102 U+2786 742 465 66 110 U+DFF5 856 471 73 102 U+3EE1 116 587 90 73 U+EAB4 235 595 97 72 U+ED9B 354 595 94 72 U+CB89 469 594 106 82 U+4408 607 588 94 75 U+0EBD 722 595 115 75 U+99EF 850 592 109 83
639.png,U+F5E1 31 531 74 79 U+98AC 177 533 78 64 U+0E03 324 528 79 66 U+FAE1 477 521 79 76 U+ACA3 621 521 84 70 U+2201 40 733 71 74 U+7F79 184 734 88 75 U+44D3 329 739 67 73 U+2D48 481 739 70 64 U+C05D 626 731 74 77 U+94C1 785 930 54 74 U+AB9F 628 927 79 86 U+DAFB 787 1130 53 75 U+7113 47 928 74 94 U+6505 185 935 75 92 U+89E7 333 930 77 85 U+FF77 476 931 72 92 U+547B 797 1317 43 72 U+871F 639 1316 73 80 U+82FE 498 1310 69 69 U+0B77 356 1304 74 78 U+F1E2 214 1308 72 77 U+2559 77 1299 71 77 U+9528 60 1126 68 76 U+44C9 205 1125 61 80 U+6621 348 1129 59 74 U+ECF2 493 1117 59 84 U+0B9A 637 1131 60 81
640.png,U+3BD1 1 698 60 105 U+B464 145 704 112 100 U+2F74 353 681 91 104 U+EDDB 534 696 89 102 U+18FF 728 715 81 79
641.png,U+1F95 42 68 115 111 U+8FED 199 62 144 132 U+974A 378 57 136 104 U+394F 537 52 131 116 U+D9B2 704 41 124 113 U+D7F7 19 197 132 130 U+C089 193 198 141 146 U+DCF1 382 188 130 150 U+A722 548 185 125 159 U+F44D 712 169 129 141 U+2E17 15 350 133 138 U+99A9 186 354 141 145 U+46FE 370 358 114 127 U+8877 554 347 112 132 U+08B9 714 345 115 126 U+FA45 8 533 158 128 U+A2F0 186 539 157 124 U+5CFC 351 543 167 125 U+632D 532 530 151 132 U+5AEE 711 527 146 123 U+F276 8 686 145 181 U+F9FA 172 685 165 182 U+52B2 347 678 144 178 U+E4C4 535 681 148 183 U+39F7 711 681 156 180
642.jpg,U+2C69 22 712 81 117 U+15EB 154 711 72 107 U+5EBF 278 710 83 117 U+F9C1 408 713 79 110 U+EE42 538 714 69 106 U+5F4B 659 713 81 106 U+080A 783 712 82 106 U+30CA 914 704 82 107 U+B920 19 844 100 102 U+B078 149 841 94 103 U+774A 274 842 98 103 U+F27D 407 841 93 98 U+D0C0 532 837 91 98 U+6AE1 661 839 96 102 U+5429 788 832 100 98 U+D7AD 917 833 95 99 U+7586 19 974 85 95 U+9D7D 151 973 82 91 U+E1EC 280 970 83 92 U+A7F8 410 971 80 87 U+185F 535 973 81 84 U+E08C 663 968 89 90 U+0D9E 795 970 82 81 U+BF39 922 965 89 89 U+48AD 16 1100 95 99 U+7A4F 146 1098 89 105 U+EADE 273 1095 97 102 U+F6A9 406 1097 90 103 U+00F5 538 1096 91 104 U+F777 665 1093 89 98 U+E803 800 1091 80 98 U+77E0 921 1092 90 101 U+A452 11 1231 91 99 U+3CB9 145 1226 98 108 U+6911 278 1229 87 100 U+A210 411 1226 83 103 U+65AE 535 1225 90 103 U+C74D 664 1222 82 100 U+1DDA 796 1217 88 106 U+9D01 928 1221 95 105
643.png,U+D2CA 157 89 109 95 U+4660 300 85 108 101 U+EF93 434 91 95 99 U+7D7E 566 88 101 94 U+05C3 3 185 125 104 U+7B11 299 204 132 109 U+ED45 433 198 142 113 U+5F89 571 199 115 96 U+9258 172 325 77 97 U+562A 318 327 83 93 U+FA53 459 317 85 100 U+75D8 602 322 85 89 U+9648 159 441 118 120 U+96A7 304 457 109 99 U+A42D 459 450 116 95 U+2D6B 606 438 116 103 U+AB81 145 584 166 118 U+D545 315 584 140 118 U+1387 459 575 152 119 U+783E 613 579 160 105
644.png,U+31CD 2 3 104 110 U+F7B8 1 132 104 110 U+E106 133 139 90 95 U+3FC2 250 156 96 94 U+14FC 377 157 99 104 U+C308 504 173 88 78 U+CAE6 623 178 97 98 U+1800 2 259 88 102 U+31AF 1 520 86 86 U+E757 362 528 100 119 U+7856 1 635 57 105 U+7CE7 356 658 91 104 U+532C 1 761 57 102 U+9D33 354 787 78 102 U+1844 350 902 75 101 U+54C8 345 1028 88 91 U+C430 4 901 51 96 U+4AE3 1 1020 53 103
645.jpg,U+E0EC 46 85 203 154 U+FCFD 282 94 198 165 U+3231 495 105 169 145 U+2735 707 99 183 142 U+3355 935 93 182 147 U+F3FC 67 283 129 175 U+DBFF 305 289 116 178 U+7D53 524 288 123 179 U+D5FD 736 289 116 164 U+5D21 956 294 122 179 U+3219 52 499 165 158 U+5191 288 499 169 184 U+46E3 503 497 164 186 U+A534 737 493 153 174 U+1AE3 946 499 150 193 U+BC78 43 710 162 136 U+8B3A 282 705 177 175 U+5463 489 711 181 174 U+84A1 716 719 173 160 U+9698 952 711 172 171 U+E1A0 24 914 198 202 U+A828 274 916 178 198 U+6D78 498 934 181 184 U+C070 728 919 166 196 U+D236 932 935 167 179
646.png,U+A3E4 260 196 37 46 U+CDCF 307 192 47 53 U+0280 365 197 35 42 U+3751 428 188 50 57 U+9153 481 187 51 56 U+A8D9 536 188 51 54 U+6508 590 185 56 56 U+EDB4 643 185 52 57 U+A216 697 185 55 54 U+2A84 752 184 55 61 U+2376 169 226 27 29 U+BCF1 196 225 27 32 U+2D42 223 224 30 31 U+2D74 518 12 107 87 U+8B00 643 2 58 78 U+AA00 723 2 116 79 U+0BE5 407 3 103 107 U+D896 292 11 94 102 U+969D 283 317 36 38 U+16FF 323 319 32 36 U+AC39 359 319 35 36 U+172E 407 317 39 39 U+D09A 448 317 37 38 U+2440 485 318 35 38 U+9553 523 317 38 37 U+1F54 577 315 32 38 U+FCEA 613 315 38 37 U+5CF5 39 384 51 56 U+3474 123 386 49 59 U+5D05 197 382 53 60 U+FB0E 285 379 48 59 U+72FB 368 379 53 62 U+1C9C 442 384 48 58 U+B56F 525 380 49 69 U+8481 612 383 52 62 U+C222 686 380 49 59 U+0F8B 772 375 51 68 U+428D 852 377 51 64 U+2C59 35 466 65 52 U+BB73 115 468 68 55 U+3E62 197 471 66 48 U+BB67 274 468 66 55 U+CDD3 352 466 67 52 U+9092 437 468 60 50 U+CD96 511 466 76 54 U+64C9 595 465 65 56 U+D9C2 674 465 69 53 U+03B9 754 461 71 52 U+6025 841 465 64 52 U+BAE5 47 550 38 53 U+5BFA 127 551 43 52 U+D042 210 553 37 53 U+D0E3 285 556 40 51 U+1CEB 369 553 38 53 U+340F 448 556 36 52 U+A21B 523 556 38 47 U+D27C 608 550 39 55 U+247D 688 549 39 52 U+8B00 770 547 44 55 U+06FE 852 550 43 51 U+3073 44 630 43 52 U+B29B 130 633 38 49 U+C68B 205 635 45 51 U+2FD5 281 635 39 52 U+87CB 363 636 36 48 U+7B77 445 632 40 53 U+B999 530 633 38 52 U+23EB 610 636 32 46 U+F49D 685 632 40 52 U+EF52 766 633 38 47 U+FAC0 852 630 36 48 U+E8D2 39 702 62 73 U+CAE4 121 704 59 68 U+59AC 199 703 62 71 U+BACD 282 702 61 71 U+3260 358 705 58 71 U+E300 439 702 59 70 U+9B6F 522 702 57 72 U+4F59 597 704 61 70 U+1AFA 678 701 60 71 U+7BDD 758 699 64 69 U+0158 840 700 65 75 U+F3BE 38 782 63 68 U+7D03 122 783 56 67 U+AD0E 201 783 60 68 U+2271 281 782 61 68 U+09E3 362 781 57 72 U+A81F 437 782 59 71 U+CAC4 518 781 55 74 U+2A4A 598 784 56 69 U+4ED7 679 782 58 70 U+2F62 759 784 62 69 U+6C33 841 779 60 76 U+1469 37 856 66 74 U+DE01 123 864 55 59 U+62FA 196 859 65 70 U+B990 283 859 60 65 U+B3CF 361 864 58 60 U+A985 436 858 62 72 U+1424 522 859 59 69 U+53B1 598 859 59 61 U+D5AE 677 859 61 71 U+04A0 759 856 68 77 U+554A 842 861 56 69 U+1B1C 41 940 64 55 U+79B7 124 942 59 51 U+31E9 201 942 58 51 U+FD6C 279 941 60 55 U+190B 358 946 63 52 U+5634 437 942 65 51 U+CDED 515 943 66 53 U+32D3 598 945 63 53 U+5DB5 675 945 63 48 U+E93A 761 944 60 54 U+2184 838 946 69 56 U+4EA8 42 1016 65 63 U+D0BA 127 1015 55 60 U+DF4D 201 1017 65 59 U+24BF 282 1017 57 60 U+4F76 361 1016 60 64 U+0E24 439 1015 57 62 U+DC1C 525 1019 49 61 U+405A 601 1022 54 59 U+97A1 678 1019 61 62 U+BB95 761 1021 60 64 U+02D9 842 1023 58 63 U+0DB9 42 1095 55 67 U+915F 124 1092 51 63 U+37D8 202 1093 50 66 U+50BB 279 1097 59 65 U+C97A 360 1096 52 66 U+25DB 436 1096 59 64 U+288B 518 1093 54 73 U+78D1 598 1096 55 67 U+E566 677 1099 56 69 U+F1EA 759 1097 60 71 U+F416 839 1102 64 69 U+B640 42 1178 70 50 U+D016 128 1178 59 52 U+A494 198 1181 57 49 U+D35E 279 1179 72 56 U+1E85 357 1179 67 57 U+7E9A 437 1181 66 51 U+C3DC 519 1181 64 54 U+E76D 598 1177 69 59 U+A4C6 673 1185 74 50 U+ECE3 759 1181 70 61 U+7D7A 843 1182 70 62 U+59B8 47 1250 45 63 U+D755 127 1250 41 57 U+6FE4 202 1252 46 60 U+8F4B 283 1254 48 62 U+37D3 361 1255 43 59 U+2CE4 440 1252 44 67 U+7CA0 519 1254 42 57 U+F0E5 601 1255 44 61 U+6783 682 1259 44 57 U+E43F 762 1263 48 62 U+543A 844 1265 44 59 U+178E 39 1328 68 66 U+B3BB 120 1330 62 60 U+1EDB 195 1330 66 65 U+DC8B 275 1339 61 57 U+8E9B 348 1342 67 59 U+060D 435 1333 68 64 U+769C 512 1341 61 51 U+76FE 590 1339 69 62 U+8B0E 675 1338 67 65 U+D3A3 756 1347 61 63 U+470B 833 1349 70 65 U+C0D1 42 1401 54 80 U+30E9 122 1402 57 74 U+8F42 195 1403 66 76 U+924B 282 1407 57 74 U+9091 360 1410 59 75 U+13D2 430 1410 66 75 U+1CCC 519 1407 61 89 U+6595 599 1408 52 87 U+FE35 676 1411 62 85 U+BE54 759 1416 59 82 U+5A63 848 1418 50 81
647.png,U+A024 150 279 75 78 U+AB1C 241 277 70 76 U+21A3 335 278 73 75 U+9105 429 278 77 72 U+5AB1 523 274 77 76 U+32ED 622 271 75 79 U+56D3 723 271 75 78 U+A24D 819 270 82 78 U+7B52 51 480 99 97 U+CACB 189 487 91 92 U+E2A7 333 483 97 95 U+9C69 461 479 116 102 U+71CE 600 480 111 93 U+97BE 756 476 103 99 U+B228 896 476 103 97 U+A0E8 218 601 68 107 U+3ABC 349 603 64 111 U+096B 490 607 69 101 U+B49E 625 604 68 100 U+C978 759 603 71 105 U+CA0F 916 603 63 112 U+2760 90 367 29 34 U+4408 118 369 27 31 U+95E8 258 366 28 29 U+B7F4 283 367 29 31 U+6C3E 407 364 31 33 U+B5AC 434 365 28 30 U+46DA 507 364 29 32 U+3188 535 364 26 31 U+0FC4 712 361 31 33 U+6C15 740 361 30 32 U+E300 892 361 26 31 U+CA17 918 360 29 34 U+C51F 60 734 90 89 U+181E 199 740 97 77 U+07AB 335 743 91 80 U+D458 472 747 100 81 U+2769 615 746 90 83 U+080D 746 749 91 81 U+1D60 893 743 92 85 U+5AF2 59 859 95 93 U+484B 202 861 100 100 U+40F2 340 866 94 90 U+0011 483 868 95 89 U+1DFF 611 865 96 88 U+8996 756 869 105 80 U+68F7 891 867 95 91 U+5126 36 987 110 100 U+70DD 190 989 96 97 U+C8F9 339 990 98 101 U+2818 483 994 93 103 U+C318 617 1001 99 100 U+782B 761 1004 96 95 U+B34D 905 1003 79 94 U+9DC5 35 1249 81 111
648.jpg,U+2EC1 27 465 64 88 U+8313 117 456 62 91 U+EFA6 228 450 71 88 U+0F16 349 452 67 90 U+176D 462 450 69 104 U+9468 578 461 73 90 U+EF08 715 465 67 83 U+A217 825 462 67 84 U+49E0 948 469 70 90 U+8F22 1072 472 73 95 U+46F6 1197 478 71 95 U+02C4 21 579 75 75 U+6640 119 573 78 73 U+F505 226 573 80 76 U+5C25 342 578 78 68 U+0E66 460 578 81 72 U+1AF2 576 580 75 78 U+C83B 702 590 73 76 U+37D0 819 593 83 76 U+16CC 936 602 87 74 U+7A9D 1062 605 85 76 U+07F8 1188 602 84 86 U+DAEF 21 695 76 74 U+0F60 116 688 80 74 U+8927 226 696 86 68 U+A627 333 700 91 74 U+6AB9 449 701 86 75 U+461A 572 704 88 76 U+CA5C 687 708 98 77 U+C6E4 813 715 90 73 U+CCDB 931 724 97 73 U+E25F 1043 726 98 75 U+B228 1182 727 89 76 U+CC37 20 804 67 63 U+A0E8 118 802 75 63 U+33E1 224 804 85 62 U+A1B0 339 806 85 66 U+460D 456 810 87 71 U+9C7D 575 816 82 73 U+A8CA 692 823 84 67 U+28DF 817 824 97 68 U+5DC7 927 819 97 76 U+090A 1058 837 106 83 U+B855 1186 842 96 74 U+7783 22 909 65 63 U+768A 127 903 69 70 U+C37A 233 913 62 63 U+C8BC 348 920 72 61 U+1601 464 921 75 66 U+3356 581 916 81 66 U+9F5A 702 931 85 70 U+B613 818 942 83 67 U+B4DB 937 943 81 76 U+B705 1062 948 88 78 U+747A 1187 958 91 71 U+1FE8 26 1010 69 77 U+871C 120 1005 73 76
649.png,U+3DD6 29 76 83 78 U+3D61 138 73 85 86 U+6E55 241 74 78 83 U+7957 341 79 78 79 U+7258 452 79 73 78 U+EDC4 544 81 90 89 U+A3DC 644 85 83 85 U+8765 744 87 92 82 U+9707 853 89 89 81 U+04BA 945 92 90 83 U+FB65 31 172 86 86 U+06DD 136 173 86 91 U+8BF5 243 172 86 88 U+6EE6 340 174 85 85 U+04DC 444 174 82 85 U+094E 544 176 78 83 U+2BDF 648 178 83 86 U+A043 749 176 85 91 U+2710 847 177 90 87 U+6FA0 945 179 84 87 U+C7A6 38 267 76 87 U+660E 146 267 68 85 U+FE36 249 266 71 83 U+D61E 349 264 69 84 U+3439 452 271 67 81 U+D37A 553 268 75 84 U+F10D 649 269 71 83 U+0620 749 272 74 88 U+60CB 853 274 65 82 U+0417 950 274 78 83 U+63C3 44 356 59 89 U+35E9 147 358 64 84 U+B1FA 252 362 56 78 U+BFA8 348 360 62 85 U+27EA 456 362 53 81 U+26CB 558 361 52 79 U+93D5 656 364 53 76 U+5587 756 366 53 79 U+352D 851 362 56 79 U+F1F0 946 365 62 87 U+1820 29 462 95 88 U+B40C 139 459 87 84 U+AA15 240 461 93 82 U+6179 347 460 87 86 U+9D28 443 463 93 85 U+69A1 548 463 83 80 U+6414 648 464 84 86 U+AE58 744 462 88 92 U+38F0 842 462 84 90 U+FB84 936 466 96 88
650.png,U+9387 6 59 64 72 U+AFEC 92 51 68 72 U+A9AE 183 41 69 73 U+3BF4 275 34 67 73 U+B3D8 374 28 69 70 U+53CD 464 20 64 78 U+E583 558 19 65 81 U+798F 665 6 62 75 U+613B 766 3 74 72 U+DFDE 3 210 56 78 U+BAFE 84 203 54 77 U+C813 182 194 61 81 U+A891 282 192 62 80 U+9926 372 187 56 75 U+77EC 469 178 63 71 U+278F 566 173 58 73 U+5F02 668 164 56 76 U+B964 767 154 58 85 U+6440 4 377 65 72 U+C599 88 376 72 74 U+564E 180 372 75 82 U+2B33 275 359 73 84 U+07FE 367 360 75 85 U+470A 472 350 70 80 U+72B4 568 354 73 78 U+71CC 666 344 72 76 U+B1D3 762 340 73 74 U+0A18 6 537 58 55 U+31D1 100 536 60 60 U+6164 187 535 61 59 U+BF68 288 527 62 57 U+ADBD 381 523 64 62 U+5640 482 518 61 60 U+143D 570 514 61 58 U+FAEB 663 518 57 62 U+F0DC 768 505 59 61 U+2594 9 704 60 70 U+CF9F 101 702 57 60 U+A8EE 192 701 66 67 U+384E 288 695 60 63 U+8704 384 694 58 64 U+EC28 468 691 64 66 U+D852 575 687 64 69 U+ADC3 669 685 67 63 U+7A8A 772 688 73 62 U+72E5 9 864 59 64 U+B277 101 864 63 70 U+DA66 194 859 70 73 U+9725 288 857 66 67 U+D3CC 380 859 71 71 U+21E7 481 856 66 67 U+BFB0 574 854 66 70 U+B656 668 849 70 69 U+763C 772 849 75 73 U+43AF 10 1028 58 68 U+542F 108 1020 54 74 U+4AA1 199 1020 55 75 U+0FFE 295 1017 56 77 U+2E69 380 1019 54 74 U+95EF 482 1020 53 72 U+9D13 581 1015 65 82 U+D5AC 683 1021 54 77 U+FA53 778 1022 66 73 U+7C91 8 1191 69 79 U+8F70 100 1192 66 75 U+E1F2 189 1190 64 79 U+06DC 291 1190 62 78 U+8C97 386 1195 68 75 U+0DF4 482 1193 68 76 U+DDD7 579 1198 69 73 U+54F9 676 1209 77 72 U+DC8E 783 1197 68 73 U+6FB2 8 1355 66 56 U+AAD8 100 1355 66 60 U+55DC 193 1351 71 67 U+42CF 297 1357 64 57 U+6AB0 386 1353 65 62 U+257B 489 1350 69 67 U+9447 586 1354 61 59 U+0B20 686 1362 67 64 U+7D54 789 1370 68 54 U+0EF0 5 1527 65 62 U+B8B1 96 1528 75 62 U+2770 200 1530 68 60 U+B74C 289 1529 72 65 U+3FB1 396 1525 66 69 U+9B0F 487 1539 68 67 U+0C91 584 1540 68 64 U+361C 692 1555 84 71 U+3963 791 1563 77 67
651.png,U+EDB9 179 150 58 65 U+4E65 252 149 60 65 U+8213 334 148 56 62 U+CA66 406 146 62 68 U+BE95 489 143 61 71 U+A82A 172 229 56 73 U+B2B7 253 225 63 76 U+C27F 332 222 60 75 U+20C5 407 223 61 74 U+5CBC 482 219 58 81 U+E05D 174 302 69 69 U+9B4A 260 303 54 63 U+1CC8 332 297 65 68 U+2A6B 411 301 68 64 U+476F 490 302 65 58 U+5205 176 381 61 65 U+3F5D 255 374 60 71 U+DFCB 337 376 55 57 U+2E5B 416 372 59 67 U+E069 496 370 61 63 U+2170 175 459 51 56 U+63B0 261 454 51 54 U+2F36 338 447 56 56 U+50CB 417 450 55 59 U+EC1A 501 445 59 64 U+CC47 170 619 61 69 U+617A 256 614 58 74 U+0385 344 611 55 68 U+C1F8 425 604 60 75 U+DDD0 509 607 58 76 U+C3B6 589 604 61 74 U+C12B 670 603 63 70 U+3358 756 600 65 73 U+BAEF 166 695 74 75 U+5125 246 702 76 68 U+3607 337 704 72 70 U+5850 416 700 78 69 U+2F02 501 697 74 69 U+2B50 590 691 72 72 U+1FB2 681 685 71 80 U+BE0B 759 686 79 74 U+F5E9 174 791 53 75 U+01D2 248 787 72 72 U+EBD3 333 784 75 73 U+8FA5 423 779 68 78 U+3C44 510 777 68 77 U+AB08 597 777 72 78 U+A5B5 689 773 70 81 U+8F28 767 766 71 84 U+5BF4 170 883 58 77 U+4E18 254 880 51 78 U+DDF5 342 877 47 79 U+E141 426 870 69 89 U+F698 520 871 53 83 U+7506 604 869 63 84 U+A417 693 862 59 82 U+67BD 778 858 59 88 U+E5DB 158 972 75 83 U+8A37 245 975 81 80 U+0D0F 334 973 68 78 U+A391 426 966 74 80 U+2F8E 516 961 75 80 U+F073 603 959 80 84 U+2BA6 686 955 76 81 U+02A7 782 954 75 80
652.png,U+99F2 49 339 84 87 U+1480 153 336 87 85 U+089B 249 339 94 78 U+7F7F 357 340 86 73 U+E44A 453 340 86 80 U+5527 553 333 84 85 U+AAC1 654 321 91 92 U+D80B 760 323 89 77 U+C752 869 323 86 82 U+AD52 49 438 88 87 U+BD3C 152 443 83 80 U+4E07 258 447 76 82 U+A684 355 445 80 86 U+0ED7 455 444 79 86 U+AE3E 556 439 83 88 U+386F 660 439 81 81 U+F17B 762 429 95 92 U+E3F0 872 426 84 88 U+681C 46 555 78 80 U+3AFA 154 550 75 84 U+D95E 252 552 82 84 U+4D4D 355 552 75 78 U+EB65 455 546 78 80 U+9F8F 555 550 86 79 U+1C24 654 545 86 75 U+80BC 758 538 80 72 U+B2A0 871 539 81 76 U+A8B2 50 652 91 77 U+A30C 155 648 87 84 U+755F 257 649 93 81 U+18A6 359 648 82 82 U+F7B1 455 648 90 79 U+5DCE 562 643 85 84 U+2AB0 663 641 92 83 U+169D 767 639 95 86 U+54B8 869 639 102 91 U+1579 61 755 67 82 U+8212 162 753 68 84 U+8C63 262 757 68 79 U+2BA5 358 754 76 83 U+B407 463 751 72 80 U+2F41 569 753 68 77 U+436D 665 748 79 81 U+4CF4 773 748 76 82 U+CAC2 882 748 67 82
653.png,U+C153 49 450 67 106 U+0ED0 165 454 67 95 U+1666 274 459 71 93 U+760A 393 457 68 99 U+DB3C 509 451 69 101 U+2C7D 619 452 69 102 U+8FBF 739 453 64 103 U+B139 856 448 61 100 U+D3F9 973 444 65 105 U+B875 37 587 77 89 U+E150 153 582 76 95 U+A467 261 585 82 96 U+6A58 378 580 78 100 U+913E 494 585 85 95 U+D43F 615 590 78 94 U+9457 725 586 80 98 U+E169 838 586 81 102 U+257A 966 584 82 95 U+FF12 35 733 81 107 U+618E 155 732 84 109 U+A310 272 738 86 92 U+2E80 382 732 89 104 U+E445 499 732 80 100 U+BAC1 614 734 86 91 U+811D 733 732 83 100 U+265E 844 732 89 102 U+7896 964 733 86 96 U+6819 36 865 90 97 U+F882 155 879 83 99 U+A758 269 876 85 103 U+6E5A 386 872 83 104 U+6B73 494 874 86 105 U+3A8A 611 883 86 96 U+4CE2 727 883 80 96 U+F57A 841 882 91 96 U+50FA 960 874 90 101 U+1B98 42 1009 73 90 U+8589 156 1008 77 91 U+3BC6 271 1015 66 85 U+AB98 385 1010 72 82 U+61FD 495 1010 81 81 U+26A0 616 1010 71 82 U+4B54 736 1008 70 90 U+5781 850 1009 68 88 U+D441 970 1012 68 86
654.jpg,U+2CEA 1 388 67 110 U+A7EC 205 365 85 116 U+900A 413 370 102 133 U+C925 617 357 83 120 U+F4EF 834 356 78 125 U+9E88 1035 342 85 137 U+D167 1231 331 75 118 U+60CF 1235 505 116 108 U+6E75 1020 530 115 100 U+0724 809 529 111 122 U+C19D 601 536 114 107 U+CCF5 392 542 117 115 U+2DBA 190 542 103 106 U+8561 1 558 71 108 U+02EC 1 756 52 113 U+0685 201 749 62 110 U+80D3 420 737 63 125 U+FCDB 624 725 70 133 U+E642 848 727 65 118 U+6757 1061 711 66 134 U+83B4 1289 701 68 135 U+9EC1 1 946 50 113 U+7771 204 925 73 116 U+3299 422 925 74 121 U+868A 646 904 66 115 U+8AC9 858 915 70 114 U+3523 1079 892 82 128 U+580F 1304 901 70 114 U+1E9E 170 1182 88 92 U+DFD6 424 1168 87 85 U+9473 638 1166 92 86 U+BEDC 870 1156 82 80 U+A223 1105 1145 90 78 U+B6D3 1338 1137 73 90
655.png,U+B4CD 8 5 42 51 U+47C6 85 11 40 48 U+1145 158 7 37 48 U+DF79 234 5 40 51 U+133A 306 8 41 51 U+F905 380 5 39 52 U+4EB0 455 3 37 50 U+C0B7 523 8 37 51 U+A4A9 601 7 36 49 U+88C8 678 6 36 49 U+E9B6 752 4 43 52 U+CD8F 5 79 39 59 U+D481 88 77 40 58 U+1C36 160 82 38 54 U+5597 235 84 40 51 U+1A6D 311 81 37 49 U+3EC5 380 82 43 56 U+AB12 458 84 38 52 U+BFE9 526 80 39 59 U+D959 603 80 36 58 U+43E8 678 80 37 52 U+8C08 742 79 34 45 U+4CD5 12 150 47 50 U+25A1 89 146 43 54 U+7482 157 146 50 50 U+C373 235 150 51 50 U+A815 305 153 53 49 U+DFF1 380 151 50 52 U+8A7B 455 152 48 49 U+DCA2 527 153 47 46 U+ADDA 601 146 46 49 U+6FA6 671 148 48 51 U+CCB8 744 147 51 50 U+9FEC 8 216 47 50 U+B45B 85 218 45 52 U+FD1A 158 218 49 53 U+67CB 235 225 44 46 U+728D 308 224 47 50 U+0774 381 228 47 47 U+9D7E 452 223 43 45 U+0FBA 528 218 46 48 U+D40A 600 217 50 51 U+D8F4 676 220 45 49 U+46CD 748 210 50 50 U+2EED 7 296 39 42 U+53B4 87 296 40 44 U+6FC0 163 296 36 36 U+3751 241 293 33 38 U+F41A 311 295 36 35 U+CB48 384 293 37 42 U+99B1 459 291 36 44 U+2849 532 292 37 41 U+BD17 605 292 36 44 U+5E6B 679 289 34 42 U+4054 747 290 41 46
656.png,U+0B23 28 77 62 73 U+5187 123 67 69 80 U+9AB2 218 64 76 79 U+0E1D 320 59 79 80 U+2DC8 424 55 68 86 U+6A2B 520 61 72 80 U+F96A 618 52 68 86 U+024F 711 52 75 79 U+EE06 818 53 70 82 U+2128 913 54 67 75 U+7262 23 193 61 73 U+A0CF 122 186 60 73 U+7A2F 218 189 65 80 U+070C 320 184 64 71 U+E8FB 425 185 64 69 U+B26D 526 180 61 76 U+20C9 625 178 68 81 U+D9E1 723 174 65 86 U+F597 825 179 66 74 U+327B 920 179 62 72 U+3C5E 19 316 60 77 U+E9F4 115 316 61 67 U+9E9E 228 311 58 69 U+BF2C 333 310 58 65 U+2D84 429 307 62 68 U+0617 534 305 64 71 U+A161 625 304 59 71 U+0AD3 720 290 74 79 U+830C 835 290 62 76 U+7206 928 288 70 73 U+9E1A 23 431 67 84 U+BA37 138 425 70 91 U+BB86 227 429 70 81 U+AF04 330 423 68 86 U+940E 433 423 68 81 U+BCEB 540 422 70 90 U+6921 636 430 63 78 U+B69B 744 417 72 80 U+797E 832 412 65 81 U+5FBD 940 409 68 85 U+2DF5 25 556 71 81 U+D81C 120 563 71 70 U+E2CB 228 556 78 82 U+9BF1 330 555 85 84 U+26C7 425 553 87 77 U+8835 526 551 85 83 U+956D 635 543 76 72 U+9A34 744 540 62 78 U+02B8 838 537 75 75 U+BF23 937 527 83 81
657.jpg,U+AEB3 168 32 139 139 U+CA4E 366 39 142 142 U+72D7 560 45 152 134 U+005F 743 41 151 141 U+E3C3 932 29 158 142 U+0D3E 186 238 105 139 U+4180 376 228 107 146 U+6E9E 571 223 114 144 U+3FC1 756 216 107 144 U+2A44 946 208 122 147 U+D77E 180 418 150 142 U+36DC 367 414 153 133 U+DA7A 555 406 149 140 U+6233 747 412 144 124 U+74B3 943 393 150 156 U+27E6 182 613 141 123 U+8A1B 366 599 157 133 U+5BA5 555 591 175 136 U+B3C0 747 591 170 130 U+384C 939 575 159 134 U+4359 194 803 146 123 U+76D9 388 785 139 131 U+D1F0 577 769 156 147 U+7899 771 769 136 122 U+8291 953 774 146 136
658.png,U+D579 80 78 151 173 U+C960 344 96 129 131 U+5C2F 594 114 153 120 U+D9D0 855 115 125 120 U+8C7B 57 454 129 137 U+FAA1 311 457 138 141 U+203B 581 459 122 131 U+E8D8 835 463 128 144 U+4A1E 83 784 104 173 U+3B51 343 790 117 160 U+D871 597 792 99 178 U+9E41 842 790 113 178 U+4E41 94 1150 136 139 U+299B 339 1141 131 137 U+7648 598 1137 135 153 U+EA49 830 1146 136 156 U+A5BD 76 1434 177 213 U+E12E 319 1441 153 174 U+B9D1 566 1436 171 184 U+46CA 811 1444 131 170
659.png,U+A560 94 122 39 41 U+A110 157 122 40 41 U+4E0F 228 124 43 40 U+D9E6 293 120 47 41 U+17AD 357 122 47 38 U+5998 427 115 49 40 U+9872 495 114 43 41 U+E6ED 554 110 47 42 U+3A00 628 105 35 40 U+639E 692 111 41 41 U+70C0 762 109 44 39 U+B5A6 79 254 44 38 U+A42F 145 254 46 38 U+1F62 208 246 49 44 U+1C3C 279 247 47 40 U+C898 345 247 46 39 U+DFE4 409 245 48 43 U+1494 483 246 46 38 U+CD83 547 240 47 40 U+A1DF 625 239 46 44 U+A7EA 677 244 43 44 U+8E7D 748 239 47 44 U+2869 87 384 38 44 U+2EAA 152 384 38 41 U+4AF3 218 384 42 42 U+7E52 283 378 46 46 U+42C4 352 380 46 49 U+C9A9 418 378 46 47 U+FFC9 487 378 50 45 U+DECC 554 374 50 47 U+FAAA 631 373 32 39 U+07B8 687 368 40 42 U+0DA3 763 371 38 37 U+72BD 80 523 43 40 U+6A71 145 520 44 44 U+0A6A 214 515 50 49 U+F2C8 281 515 48 45 U+8C0B 354 511 42 42 U+8473 418 511 47 44 U+B607 485 507 48 47 U+290B 548 510 49 42 U+E180 620 507 39 42 U+0B68 690 505 39 49 U+6E8D 762 508 44 45 U+FD3A 829 102 47 39 U+41BB 825 237 35 46 U+A7D4 830 372 39 43 U+6F98 831 507 37 42 U+E14E 72 649 40 42 U+389A 139 645 55 50 U+E194 207 640 52 55 U+48F7 278 649 50 47 U+F746 345 646 53 53 U+0E1B 415 646 45 52 U+F69E 479 646 47 49 U+1E36 548 648 47 49 U+5E9F 620 643 43 44 U+1997 687 643 40 45 U+4BCB 763 641 44 46 U+7576 820 641 44 44 U+02AD 59 790 51 47 U+A0CF 128 788 49 46 U+FAB9 199 790 47 47 U+D1AD 271 788 47 44 U+D36D 337 787 45 42 U+88A4 406 787 46 42 U+DC4D 473 789 45 44 U+5D7A 549 785 46 42 U+05D3 620 779 39 47 U+0B2D 685 784 44 42 U+B969 762 784 36 40 U+401A 829 779 47 44 U+340A 60 932 41 40 U+8C47 123 930 46 38 U+CDD9 196 927 46 49 U+B1D0 264 925 52 54 U+6946 336 928 50 42 U+9AF2 401 926 44 46 U+6EC7 471 923 43 43 U+DBD5 544 929 44 42 U+ABB3 618 924 45 41 U+96CD 690 928 36 42 U+1237 762 924 53 44 U+437F 823 919 43 44 U+8054 45 1075 51 48 U+4B71 115 1077 56 48 U+715F 184 1079 51 45 U+CCBF 254 1073 48 43 U+19EB 327 1072 46 47 U+5BE5 396 1079 45 44 U+E306 468 1072 48 48 U+919E 539 1072 48 44 U+9D36 613 1075 52 45 U+B825 680 1076 35 44 U+FFE8 763 1068 35 42 U+AD20 825 1072 53 44
660.png,U+B145 73 54 69 87 U+B773 173 57 78 87 U+655C 289 57 74 91 U+C52A 392 58 75 98 U+5D9D 496 67 74 93 U+7255 600 82 69 83 U+30A6 700 84 73 82 U+E8B0 798 89 77 88 U+CF41 70 203 78 69 U+4A85 181 195 76 83 U+2457 281 197 76 85 U+F34C 397 199 72 87 U+4F75 496 212 77 81 U+27A7 596 215 71 79 U+6AF0 702 224 72 75 U+F029 804 218 71 77 U+2438 67 329 60 95 U+8BBE 173 330 64 82 U+7244 281 335 76 87 U+5DB1 393 334 74 89 U+1CFF 499 341 72 82 U+E7A5 590 347 75 86 U+67FE 696 344 77 86 U+D39A 800 344 79 92 U+B61C 60 480 62 77 U+F37C 166 479 66 81 U+76BD 287 483 60 75 U+FC75 391 481 66 81 U+6E81 493 483 69 80 U+553C 602 481 61 85 U+2F39 709 486 68 81 U+1815 809 490 65 76 U+5216 46 616 86 86 U+381E 169 613 82 98 U+4FB4 280 617 81 90 U+0226 392 617 72 88 U+DDF3 495 613 70 91 U+710B 597 623 75 76 U+1C0E 713 615 71 85 U+ED66 816 610 75 84
661.png,U+61B4 62 355 95 83 U+179B 173 356 99 83 U+8183 293 358 92 78 U+37F2 399 356 103 86 U+8D96 512 359 100 83 U+F411 619 361 96 81 U+D529 736 362 90 77 U+7B7E 67 448 74 93 U+D423 172 451 75 97 U+C661 299 451 68 94 U+A616 416 452 63 103 U+00F7 524 454 72 102 U+3C44 637 456 68 92 U+40F4 744 457 71 100 U+A156 55 547 89 96 U+A9C7 173 550 81 95 U+55D3 294 551 77 95 U+1F57 410 553 74 94 U+F840 520 560 75 93 U+1775 638 555 75 93 U+1A9A 744 557 81 99 U+40C9 46 662 84 97 U+330E 175 666 73 93 U+D2A2 298 668 77 96 U+9A05 408 670 76 94 U+EDC3 528 668 76 95 U+A944 641 668 79 100 U+E20E 751 670 73 97 U+F9E3 35 774 93 101 U+9EFF 163 770 93 103 U+BBDA 279 774 98 102 U+E827 398 779 98 95 U+88E1 518 773 87 100 U+6D3A 630 783 89 95 U+DE72 753 786 86 90
662.png,U+621C 61 190 72 81 U+CEC5 142 192 68 65 U+C310 226 179 77 77 U+D52F 309 175 70 76 U+A003 386 170 77 79 U+A6C4 471 165 73 76 U+6D8E 552 157 73 78 U+670D 637 152 65 75 U+9220 716 147 71 70 U+28A9 800 140 71 75 U+0F0A 875 130 70 77 U+4631 341 333 43 47 U+014F 391 333 39 46 U+E54C 748 305 35 44 U+0258 791 303 43 44 U+E8DC 62 548 98 100 U+DA4D 73 695 105 114 U+1A6E 96 860 89 98 U+374E 88 1043 99 103
663.jpg,U+D13E 21 317 98 133 U+834D 150 318 111 125 U+5F54 297 318 113 125 U+B664 446 315 122 126 U+8F73 603 322 109 119 U+C08F 750 325 102 130 U+B0D6 901 310 106 134 U+DE25 1046 323 117 127 U+AC8C 4 483 137 127 U+EF66 148 490 138 119 U+FB67 298 497 143 130 U+8D97 441 487 142 135 U+E8AD 589 485 134 140 U+EB8A 739 494 141 124 U+D465 888 501 142 120 U+8E72 1041 501 134 119 U+D441 14 665 107 129 U+4EC3 160 668 108 128 U+A527 304 679 102 119 U+6E72 444 676 109 128 U+610E 591 673 108 123 U+3AB0 747 678 109 121 U+A33D 886 673 116 133 U+222F 1038 673 112 135 U+0D4D 33 819 111 152 U+CAE2 163 821 116 156 U+D82F 310 819 114 147 U+869D 464 824 117 147 U+3DB4 607 828 106 145 U+DDBD 753 821 118 148 U+53C0 898 822 117 149 U+B939 1050 826 121 148 U+1B90 10 997 109 120 U+B4AF 150 992 117 130 U+C616 293 996 117 135 U+C704 436 993 114 139 U+87F9 579 1003 125 132 U+AD52 736 1003 112 132 U+7B5C 878 1010 100 118 U+E3C6 1022 1001 118 140
664.png,U+D893 24 33 105 116 U+F651 175 40 93 112 U+3CBD 318 48 84 103 U+FB51 447 42 86 110 U+D19F 586 42 92 109 U+0000 713 44 91 109 U+4954 853 40 95 108 U+9F41 986 40 80 104 U+671D 1111 38 96 107 U+CD95 30 181 87 100 U+EDB1 168 189 94 88 U+A860 308 190 91 93 U+4862 447 196 90 95 U+30AF 581 191 89 82 U+F56E 720 187 81 91 U+D9DB 854 187 86 93 U+3710 980 179 101 100 U+0195 1108 186 90 90 U+A935 18 312 128 117 U+C069 163 323 112 100 U+C16F 309 318 104 106 U+0B1A 449 320 101 103 U+2EC6 578 316 108 107 U+02A3 711 317 107 105 U+831C 844 319 108 104 U+FFCF 983 314 104 104 U+B0BA 1108 309 105 107 U+B3F7 24 457 104 102 U+6F64 166 457 103 103 U+7F0F 308 464 105 93 U+DD42 447 457 96 103 U+CBA5 579 460 110 91 U+0AF0 714 462 113 92 U+A7B5 843 457 116 98 U+30E0 986 451 110 99 U+DE52 1114 451 101 106 U+1A84 28 579 115 118 U+D689 172 589 107 104 U+DF84 312 587 103 103 U+0E5E 449 583 100 105 U+78F4 570 584 115 109 U+2301 713 578 105 112 U+0A6B 857 585 100 96 U+3C94 980 574 111 105 U+3207 1110 577 116 107
665.png,U+BF52 45 109 64 89 U+4626 128 98 71 93 U+9146 215 100 64 81 U+6BEF 307 92 66 88 U+75E4 394 90 71 85 U+821E 479 77 68 87 U+A5A4 562 71 67 95 U+55E7 655 64 69 91 U+DEBD 58 261 63 84 U+EA67 144 250 72 87 U+ADEA 235 243 75 89 U+3218 322 236 69 90 U+0984 407 234 76 87 U+E87E 495 222 79 95 U+D818 585 211 71 91 U+287F 675 197 70 94 U+F652 57 400 81 94 U+9651 149 398 72 83 U+B717 237 389 77 80 U+970B 324 390 81 77 U+8FA9 415 383 75 83 U+1758 496 370 89 79 U+3758 589 363 80 79 U+23C4 680 351 77 79 U+B092 68 575 57 61 U+0B42 157 568 62 60 U+8F9D 242 554 77 78 U+E366 336 551 71 75 U+E7CB 426 543 68 65 U+25D9 517 533 66 77 U+F43A 604 526 67 70 U+79BB 701 517 65 72 U+6566 73 720 83 90 U+65FD 164 717 82 83 U+DAD8 250 706 84 86 U+196C 341 710 83 83 U+5BAB 430 700 79 81 U+4E92 521 690 84 87 U+8618 617 685 87 86 U+3AE8 707 677 87 89
666.png,U+FF58 143 68 46 63 U+8197 219 73 43 49 U+4DFF 294 80 39 54 U+59C4 370 73 40 57 U+EA1F 443 68 45 61 U+D779 517 70 39 52 U+1C6A 587 75 42 53 U+6BFD 666 75 37 52 U+15D6 138 145 53 53 U+E429 212 143 50 56 U+B842 289 141 47 60 U+C50E 359 147 47 55 U+6A74 433 144 55 64 U+6976 507 147 54 53 U+1C31 584 149 48 60 U+7354 657 148 49 57 U+9FBA 141 220 42 50 U+AE10 214 217 48 46 U+F709 288 218 42 45 U+AA11 365 217 39 46 U+8EF9 442 219 42 48 U+86BE 517 217 47 51 U+92F9 591 221 43 50 U+E237 662 214 47 53 U+CC76 135 289 45 58 U+95F5 209 290 43 55 U+16E6 284 291 45 56 U+F33C 357 293 48 60 U+8E22 437 289 47 61 U+0C29 514 293 43 56 U+C310 585 291 52 62 U+57C5 663 295 50 58 U+F082 125 366 61 62 U+EE4F 207 363 54 67 U+DD0E 278 366 58 63 U+E1D6 364 361 53 66 U+29B7 434 363 59 67 U+A367 514 359 55 67 U+AFDC 589 363 53 64 U+DA01 659 368 54 62
667.png,U+E222 103 132 88 91 U+B70B 212 137 84 94 U+A40F 316 137 81 91 U+EB3B 418 142 87 89 U+C6F5 526 143 87 94 U+102C 635 143 83 98 U+A5CC 741 143 80 98 U+1588 92 292 91 84 U+F461 202 291 102 95 U+20CE 309 296 92 91 U+92C8 420 299 87 89 U+7D9A 522 299 92 93 U+8672 626 298 96 88 U+AE3E 732 303 95 87 U+94CB 97 442 87 85 U+FD1D 199 446 92 82 U+D8F0 308 443 90 91 U+CC1F 413 445 94 93 U+82BE 529 441 87 97 U+BFDB 632 458 88 84 U+E6BF 732 453 88 94 U+CF20 88 593 67 86 U+84EC 199 596 74 102 U+0B14 315 595 74 97 U+84DB 410 596 76 102 U+EEBB 523 604 64 97 U+0802 636 605 61 91 U+6108 728 607 86 101 U+7BB4 87 747 70 94 U+23B2 197 752 78 89 U+3886 308 754 71 94 U+3304 415 760 78 94 U+4096 528 760 71 97 U+D741 637 762 73 95 U+4CED 732 771 82 94
668.png,U+5F31 84 120 124 137 U+E3A4 215 121 110 123 U+C557 359 135 137 78 U+6F53 518 125 73 100 U+C49E 673 121 68 108 U+9F01 79 357 95 127 U+6A3B 217 358 98 128 U+5E2B 363 366 115 104 U+1238 516 362 73 123 U+7779 687 345 67 128 U+8BD7 69 602 105 138 U+D9EE 202 596 109 141 U+BED4 359 595 109 120 U+AC0F 550 595 72 137 U+7EE6 683 604 92 183
669.jpg,U+45F3 71 71 84 94 U+2C17 208 69 88 88 U+02BB 342 78 86 86 U+F589 487 73 81 88 U+160C 623 56 78 83 U+52B3 766 33 87 84 U+68B3 910 17 86 89 U+6A43 1018 15 78 92 U+3575 1085 1 75 77 U+53DC 83 222 58 76 U+E600 213 218 65 79 U+390C 356 211 68 87 U+34C2 486 202 86 102 U+34BD 623 193 77 97 U+B29A 779 194 59 73 U+A92B 919 170 64 82 U+FA6A 1033 159 60 79 U+49DF 1095 145 68 88 U+285D 64 353 87 79 U+1D32 198 359 81 79 U+D692 353 351 78 81 U+0EEC 484 353 86 80 U+7183 627 340 81 84 U+B755 761 346 80 80 U+B7DD 908 339 80 69 U+31E9 1021 329 79 75 U+7F27 1092 314 71 83 U+D5F8 67 485 87 68 U+0F78 218 493 79 70 U+A514 360 484 66 110 U+5249 494 480 71 106 U+A275 636 478 62 100 U+388E 777 468 66 103 U+E142 916 454 67 109 U+04E9 908 628 78 82 U+1899 768 627 76 83 U+3A7A 624 633 79 83 U+7B70 485 628 78 86 U+6CA6 350 631 77 82 U+BCB1 201 643 92 74 U+761D 65 639 80 70 U+7CC1 57 771 95 76 U+57D8 204 778 84 77 U+C641 334 763 89 98 U+7547 485 763 86 102 U+9C32 628 766 90 95 U+B327 767 754 81 97 U+DD6D 898 757 86 99 U+A0EF 57 908 85 88 U+55CC 200 906 83 86 U+A01B 348 909 75 87 U+38B0 495 911 69 74 U+F4F6 641 913 70 72 U+76B5 780 913 73 70 U+778E 916 901 74 86 U+ABEE 63 1065 77 58 U+40FA 213 1054 68 72 U+2C0F 345 1047 96 93 U+A488 495 1051 95 85 U+F3D7 630 1056 92 79 U+DA98 777 1052 84 88 U+FD2D 916 1048 87 86 U+C73C 68 1203 61 65 U+1C9E 211 1202 67 66 U+8B0C 353 1203 67 61 U+2699 501 1203 61 64 U+7696 638 1198 74 70 U+09DC 790 1197 68 66 U+5DF3 934 1194 70 65 U+2A12 68 1333 72 91 U+00D6 218 1337 61 84 U+02F3 354 1328 68 84 U+9D0C 493 1336 83 82 U+584E 643 1333 65 85 U+80DE 799 1341 67 77 U+7E4A 941 1348 75 75 U+F3BF 56 1491 69 92 U+9E6E 206 1487 67 91 U+3FEE 351 1485 73 98 U+88A9 497 1482 76 99 U+5990 643 1489 75 95 U+2D2C 797 1488 72 87 U+B5A0 943 1493 80 90 U+F01A 53 1633 62 97 U+7753 203 1624 75 105 U+32A3 348 1626 74 92 U+8A68 497 1630 64 95 U+8212 653 1622 66 100 U+4D92 797 1630 66 92 U+2A90 951 1641 70 98 U+6C20 36 1796 88 99 U+0146 190 1798 91 85 U+2F9E 345 1793 98 107 U+C8D1 486 1793 91 100 U+3E0E 640 1792 88 101 U+C44E 799 1796 89 102 U+AEC7 943 1791 101 105
670.jpg,U+BB5A 135 360 73 99 U+8382 311 355 83 110 U+4295 499 373 75 107 U+DBE9 684 378 84 105 U+4BEF 868 381 79 113 U+AB45 1048 383 86 111 U+D77C 122 598 92 110 U+DF71 307 598 95 114 U+223F 512 603 83 120 U+62DE 685 611 84 112 U+4478 871 612 88 115 U+547C 1063 614 83 120 U+E09C 88 845 117 105 U+CDA1 297 852 103 96 U+2275 482 852 108 102 U+8F00 678 861 89 94 U+D07F 860 856 101 96 U+EDFF 1053 859 85 105 U+070F 104 1109 94 91 U+6696 296 1106 98 99 U+0FA7 477 1103 105 107 U+A07C 673 1113 101 98 U+4537 870 1113 101 95 U+2417 1060 1118 102 90 U+B189 82 1359 112 105 U+AAB5 282 1363 111 99 U+5EBB 475 1366 109 95 U+264E 687 1362 104 99 U+CA53 874 1365 101 98 U+A849 1059 1371 101 90
671.png,U+9141 56 40 60 82 U+F1EB 178 44 53 70 U+DE61 292 52 58 69 U+AAF2 407 51 65 78 U+8930 533 52 62 66 U+E86E 648 54 54 76 U+49B3 763 54 62 75 U+3B0A 878 56 60 83 U+5FBB 43 151 79 97 U+3EBE 160 158 89 90 U+DDA8 287 160 87 85 U+DDF5 407 159 82 84 U+8809 530 158 77 84 U+CDD2 645 161 82 81 U+7237 761 159 80 81 U+460F 878 157 83 81 U+0B64 51 265 67 91 U+B542 169 271 64 91 U+6D9F 296 270 62 84 U+8E79 409 271 71 87 U+3351 540 262 61 80 U+0177 651 269 69 89 U+C479 764 273 66 86 U+75E9 881 274 69 85 U+DC05 43 392 79 78 U+CA99 158 390 90 92 U+4830 282 389 87 85 U+EE5A 400 392 98 85 U+C969 523 390 84 90 U+AA79 648 392 88 90 U+EB8C 760 398 84 85 U+FEF6 878 392 87 84 U+A25B 38 511 80 69 U+41E3 153 513 90 80 U+924E 275 508 98 92 U+45D4 395 517 96 83 U+91F5 523 506 84 89 U+5F06 640 505 88 84 U+B180 759 508 84 85 U+E9BA 875 510 84 90
672.jpg,U+0B8C 2 972 121 187 U+94DA 211 963 166 196 U+1175 424 972 191 181 U+F6AE 647 957 178 189 U+FE82 915 941 163 210
673.png,U+28A2 106 317 104 123 U+2449 249 310 92 106 U+A661 344 296 90 116 U+49CD 426 280 84 118 U+6AC2 512 276 104 106 U+678C 618 264 89 95 U+C292 700 250 82 95 U+997E 105 541 85 97 U+D434 228 538 72 77 U+BB43 333 516 85 75 U+CF22 425 519 72 92 U+389F 491 527 74 97 U+3E4B 570 518 76 127 U+C94E 646 529 65 111 U+5158 706 541 74 110 U+19DD 74 772 93 107 U+49CA 185 786 82 115 U+85FC 281 788 92 95 U+87B3 372 780 113 108 U+621D 480 767 85 97 U+EEA3 562 762 80 101 U+EA5A 646 758 85 99 U+1E03 728 762 90 97 U+B541 49 1005 101 136 U+E4E7 164 999 113 154 U+59B7 289 1013 93 145 U+809E 386 1002 99 142 U+23D5 481 1011 106 129 U+7C8E 581 1002 88 129 U+6E1F 661 990 99 144 U+628F 747 999 100 157 U+5E9B 28 1269 120 132 U+DEE4 170 1250 105 131 U+2296 264 1268 93 119 U+B320 351 1269 102 122 U+0B5F 426 1270 102 116 U+8A8C 502 1279 92 117 U+4341 580 1255 120 134 U+C2A9 661 1269 107 120 U+5164 749 1259 86 151
674.png,U+3099 64 56 88 82 U+ACF3 207 57 95 76 U+A260 351 56 88 87 U+138F 493 57 81 84 U+AA78 630 54 90 82 U+2E5B 768 60 88 81 U+20EB 910 64 89 87 U+39DD 1049 62 76 78 U+2546 1185 58 81 83 U+5864 1313 53 100 85 U+8659 70 188 91 79 U+50A8 218 183 79 82 U+85A7 356 186 82 85 U+D16F 504 189 82 84 U+5116 646 183 74 80 U+B8A5 782 191 84 80 U+1E55 924 190 76 78 U+6C7B 1059 185 84 79 U+1F75 1199 187 82 80 U+6CBF 1337 178 84 79 U+843D 64 314 88 86 U+4ACC 217 309 75 95 U+F23A 359 312 76 85 U+A3C3 504 312 82 84 U+83EE 650 314 78 83 U+70D0 788 312 83 75 U+7D35 923 311 82 86 U+BE28 1067 311 80 82 U+AA71 1210 313 86 83 U+70DB 1350 305 85 87 U+58C9 50 455 102 86 U+73FF 204 459 93 84 U+D919 353 454 96 86 U+7DFB 497 457 99 84 U+EF4D 649 450 97 89 U+0778 793 452 92 88 U+56CB 937 454 89 82 U+B977 1070 448 96 86 U+CCAA 1214 452 98 80 U+5E5B 1355 435 91 93 U+2B44 52 588 84 77 U+7973 209 585 85 80 U+C3A6 352 585 82 80 U+EF22 508 585 87 80 U+6D64 650 583 89 82 U+6FD6 804 578 82 87 U+60DB 943 578 83 87 U+6058 1087 579 88 86 U+3612 1235 559 83 101 U+60EF 1374 560 83 96
675.png,U+2E08 92 132 126 140 U+869B 269 123 140 152 U+4C40 446 117 133 131 U+E4FA 629 119 127 133 U+758A 96 494 119 117 U+49D5 280 487 0 1 U+F93C 276 490 119 119 U+1E92 452 476 128 133 U+7A1E 630 477 125 128 U+5BE5 3 847 62 125 U+56BF 83 833 144 127 U+9E48 276 835 128 125 U+1F94 449 835 147 133 U+0380 629 837 148 130 U+B6BA 112 1171 113 116 U+4301 286 1186 120 104 U+6951 460 1178 129 125 U+6501 633 1172 130 126 U+DA9A 1 1171 56 110 U+44E9 1 1495 70 119 U+A388 103 1498 111 108 U+4D91 294 1507 121 102 U+ED59 464 1504 117 110 U+59FC 625 1505 121 112
676.png,U+2B1E 91 325 77 92 U+36EE 220 325 72 97 U+1EAE 345 329 67 90 U+1CEE 469 337 66 84 U+82E7 591 338 69 89 U+159A 708 348 70 81 U+52A9 823 355 71 81 U+87C0 940 361 63 78 U+31BC 95 450 69 106 U+5CAE 224 451 66 102 U+5A4B 351 457 66 104 U+94BF 474 462 64 101 U+749E 597 462 63 104 U+28BD 713 469 65 103 U+86EC 830 473 63 100 U+EBBE 945 475 61 103 U+1AB1 76 569 101 106 U+D35E 207 570 90 104 U+ED5B 337 576 81 99 U+03F9 458 579 87 104 U+38D8 582 579 83 104 U+EE5C 702 582 81 98 U+23FB 817 584 84 103 U+151C 936 586 83 99 U+AF2D 84 707 80 100 U+5D99 214 710 83 96 U+4CB9 341 713 80 94 U+9C14 464 719 74 89 U+BA95 585 718 74 93 U+2C31 704 717 79 94 U+8B9C 826 720 73 94 U+13F4 939 720 75 94 U+EF4A 80 827 94 106 U+A556 208 829 92 99 U+46E0 334 826 91 101 U+599D 460 828 90 103 U+33B4 583 832 83 95 U+1DB3 704 834 87 100 U+2B21 821 837 87 95 U+5AC4 941 833 86 99
677.png,U+1F28 162 222 46 69 U+68D0 224 224 43 65 U+CAE6 290 221 39 60 U+3ADD 352 211 38 60 U+37F5 421 201 44 57 U+07FD 492 191 39 58 U+0740 565 175 45 66 U+D995 634 190 47 68 U+F6AC 141 382 47 59 U+FD4D 213 365 45 62 U+5D6D 281 364 42 59 U+E4B8 342 349 44 62 U+9EC9 415 342 43 61 U+3E07 485 335 47 69 U+7C92 556 327 55 61 U+9C62 627 327 50 60 U+8443 124 538 58 40 U+3C6E 201 530 48 44 U+4082 266 520 47 49 U+0D3B 330 513 55 47 U+211F 404 506 58 47 U+2B17 477 497 63 49 U+4E96 555 494 55 46 U+7E4F 627 494 62 46 U+5884 92 686 64 61 U+6569 169 686 56 55 U+C3F2 240 675 61 63 U+D4F4 311 673 59 62 U+BACC 390 664 65 65 U+9C59 466 658 65 55 U+3231 544 652 64 60 U+EFFC 623 652 66 66 U+B8D3 70 852 59 68 U+3788 151 852 59 63 U+ABCE 220 848 63 77 U+7E7E 293 847 67 72 U+E7BA 373 842 71 67 U+EBBB 455 841 67 68 U+3C9F 534 836 77 75 U+05C0 617 840 75 70
678.png,U+D587 1 162 92 115 U+1EDB 105 157 116 116 U+170D 236 155 112 115 U+8D1F 363 163 103 109 U+D1B1 1 379 103 122 U+371C 122 376 104 118 U+1029 255 372 99 118 U+7CED 380 380 96 121 U+7F3F 1 600 112 114 U+146E 118 605 119 105 U+8182 243 602 128 112 U+BF05 374 606 118 113 U+1725 4 824 118 98 U+6DE6 124 821 126 103 U+E20A 250 822 122 92 U+434F 377 816 119 97 U+B944 7 1030 119 111 U+E78B 136 1025 120 110 U+8B36 266 1027 112 109 U+25FD 390 1020 104 107
679.png,U+EC26 115 261 91 89 U+E2C6 296 263 73 97 U+E208 456 273 66 79 U+9134 614 276 84 75 U+E967 780 267 78 92
680.png,U+5D11 121 514 63 67 U+3507 210 506 55 64 U+7EED 289 511 60 70 U+00E0 379 504 66 73 U+75E1 476 511 63 68 U+6832 571 508 61 65 U+C339 118 629 70 61 U+777F 203 635 77 65 U+5ED6 288 639 73 56 U+BFE7 375 627 76 59 U+CA7E 475 622 81 61 U+4A00 561 619 79 60 U+7585 99 746 74 68 U+84CB 189 752 78 65 U+89E4 299 754 82 57 U+EDC7 386 742 65 64 U+179E 491 738 70 62 U+701E 575 722 76 73 U+F34B 105 866 72 67 U+C6F8 193 867 66 68 U+37E4 299 864 68 67 U+208F 405 858 67 64 U+ADB8 510 849 69 69 U+BB82 593 843 69 70 U+CEF9 99 984 61 81 U+9407 199 988 57 69 U+84BB 305 981 67 75 U+85F1 403 976 72 81 U+69A6 494 970 68 71 U+06D5 611 965 61 64
681.png,U+940A 39 370 83 95 U+5A36 214 363 81 102 U+32BD 396 358 73 100 U+BD03 570 361 76 99 U+8507 740 366 79 93 U+8A49 906 371 77 97 U+E19F 41 575 79 102 U+1DEC 215 577 75 93 U+A04D 393 575 86 94 U+7048 577 572 75 94 U+BAB7 746 572 73 98 U+3C18 910 574 70 95 U+943E 40 789 89 96 U+F6D9 218 792 103 90 U+9259 399 790 97 93 U+C4CF 574 788 93 96 U+CBB3 744 790 93 87 U+4AA0 913 792 94 83 U+A1A8 39 999 81 104 U+DC58 210 996 98 101 U+686F 397 992 96 102 U+56BA 576 990 93 100 U+B265 747 986 85 103 U+3F87 917 982 80 103 U+D63D 35 1221 82 95 U+8B5E 215 1229 94 94 U+E943 402 1227 91 93 U+4D7A 583 1221 91 92 U+EAE5 762 1220 76 87 U+C918 926 1207 84 87
682.jpg,U+04F5 8 145 194 167 U+2A87 264 153 195 161 U+A1E9 529 155 200 170 U+7CD3 778 156 204 181 U+CCD8 1031 164 194 172 U+9871 36 398 134 144 U+21C2 290 390 143 156 U+3BB2 548 392 129 161 U+1665 817 400 139 151 U+4E5E 1068 405 136 153 U+9FDD 6 637 182 157 U+3596 251 631 192 172 U+A4EB 526 634 191 172 U+BC3A 771 635 188 181 U+3943 1044 637 180 175 U+3975 23 896 152 134 U+6D07 274 910 160 142 U+914C 530 913 162 149 U+98FF 795 918 147 148 U+AEA8 1057 923 150 143 U+3A98 1 1128 143 201 U+70BE 253 1137 157 185 U+F385 519 1137 148 197 U+7A3D 777 1142 156 193 U+5E4C 1041 1148 144 191
683.png,U+0205 48 146 64 68 U+FB20 172 138 69 76 U+4A0E 309 125 74 76 U+E7EE 443 117 67 78 U+8389 581 107 75 82 U+5F4B 721 100 79 81 U+D0AD 43 297 72 84 U+7930 178 287 75 89 U+25CE 316 279 76 93 U+6610 448 276 74 88 U+E01C 586 267 78 88 U+8308 726 262 78 86 U+2AFD 38 463 86 83 U+4D8C 172 452 90 76 U+4BD1 311 448 89 79 U+A319 447 441 88 82 U+3E4C 586 434 93 83 U+D2EF 729 417 91 88 U+A4F9 45 633 70 67 U+AF6A 169 625 84 73 U+0818 313 619 87 75 U+406A 456 615 84 74 U+9F9C 592 607 89 83 U+C83F 733 601 92 81 U+F4D0 44 798 63 77 U+25F6 178 789 79 77 U+519D 318 787 73 77 U+56CE 452 778 81 84 U+5BDB 599 776 81 85 U+8D3E 743 768 83 86
684.png,U+BF8A 13 46 155 130 U+AA19 215 44 156 149 U+4EF5 402 38 155 154 U+33BC 605 53 138 152 U+630E 777 54 160 133 U+61DD 12 229 165 155 U+D11D 396 248 172 130 U+6FEB 573 251 184 156 U+1B4F 762 260 180 153 U+8669 23 414 144 187 U+CC4A 216 408 138 160 U+BABE 404 424 138 165 U+3582 591 431 144 171 U+8458 792 426 133 158 U+667E 23 616 149 129 U+99D3 213 593 148 150 U+E1BD 398 607 143 138 U+D7C6 584 612 161 145 U+8956 767 620 132 132 U+1DFD 20 782 130 150 U+C317 205 796 121 148 U+A98C 405 799 130 140 U+B48E 577 786 138 148 U+9FB7 751 792 134 159
685.jpg,U+A8BD 23 72 106 92 U+9090 125 78 111 87 U+2206 231 77 112 91 U+8A9B 337 78 112 92 U+FDD5 444 78 103 93 U+F7E5 547 75 112 93 U+33A8 658 74 108 89 U+5921 766 72 107 97 U+B8EC 868 72 112 97 U+82C5 978 74 117 98 U+8D65 21 236 87 110 U+55D0 144 231 73 125 U+D6AA 247 230 72 112 U+AEF6 353 234 81 121 U+F3DA 460 231 74 122 U+33C8 559 232 78 114 U+DE1C 679 231 65 116 U+C082 780 226 78 120 U+9BA8 881 228 73 121 U+B1DD 988 222 77 120 U+EA39 18 420 84 111 U+A3B9 122 420 86 110 U+9429 238 417 83 104 U+9551 336 421 82 100 U+051F 447 420 83 116 U+5B51 556 415 81 109 U+F127 661 409 83 116 U+FB34 765 413 75 101 U+6CB2 877 412 73 103 U+3239 979 408 80 109 U+0C9E 37 601 72 113 U+767D 143 579 82 129 U+1ECA 249 590 78 116 U+25C5 354 591 79 114 U+976C 462 589 72 113 U+4233 571 589 76 114 U+0791 673 589 78 112 U+C734 771 587 79 117 U+0BCF 885 586 75 112 U+76DB 989 590 88 107 U+3E98 23 773 98 121 U+7A90 135 772 98 112 U+9CC2 249 772 91 113 U+471E 352 773 84 104 U+1CFE 460 773 81 102 U+37CF 560 775 87 103 U+7F8B 665 767 88 114 U+D8F7 768 765 90 112 U+5C18 878 762 96 116 U+D186 979 762 94 114
686.jpg,U+3D9F 43 181 86 101 U+222F 187 183 95 103 U+B540 340 192 92 104 U+D874 485 183 90 109 U+D241 633 185 83 95 U+21DC 792 177 85 102 U+E727 957 177 84 102 U+C684 1083 179 90 97 U+5139 51 375 100 110 U+4456 201 380 101 110 U+ACBA 359 376 87 118 U+A673 496 374 92 112 U+B912 652 363 102 129 U+8410 788 368 106 119 U+971B 931 372 114 115 U+DA5F 1085 365 109 120 U+0B32 60 566 97 115 U+E9A1 201 558 99 127 U+32CF 349 566 86 116 U+F5EA 484 575 107 105 U+15E7 644 577 94 101 U+9B3D 793 573 96 111 U+2C50 936 563 105 101 U+8F20 1091 573 81 97 U+0A1C 47 770 105 107 U+BBCD 196 761 112 110 U+F699 339 758 110 121 U+0B86 488 765 108 110 U+4B55 641 760 107 109 U+E51D 795 753 101 118 U+1428 940 758 105 112 U+2D3A 1094 750 103 115 U+3FFD 63 950 90 100 U+E88D 202 947 77 106 U+D938 352 956 78 91 U+4669 501 949 86 102 U+9590 654 944 82 109 U+56F4 800 950 84 102 U+666A 951 959 88 108 U+E12E 1107 960 86 101
687.png,U+DA2F 52 33 35 55 U+9ED1 126 34 38 57 U+278E 195 32 37 54 U+9C67 270 32 35 54 U+CA93 343 31 36 56 U+F127 417 32 34 59 U+927E 484 29 37 55 U+04F0 560 31 37 58 U+BFD1 633 29 40 62 U+8056 708 31 35 59 U+ADD4 786 29 34 59 U+A6BC 48 106 57 60 U+D982 121 106 54 59 U+C998 194 106 53 56 U+7227 266 104 51 60 U+D88E 337 103 54 59 U+BFE1 406 102 58 58 U+BFD7 480 103 58 57 U+4761 553 105 56 57 U+233D 624 103 59 59 U+3D1B 701 101 56 56 U+8D82 768 105 56 57 U+F970 53 180 59 57 U+D69E 124 177 55 57 U+1750 195 181 59 55 U+4133 264 180 59 55 U+6075 337 182 58 54 U+8160 410 184 55 53 U+73E4 481 184 56 50 U+1CB3 554 186 54 51 U+1051 624 186 52 51 U+61AA 698 182 48 53 U+8CD4 767 184 53 53 U+D99D 50 255 60 56 U+60CD 123 254 55 54 U+23EF 192 254 57 59 U+EF61 263 259 54 55 U+503D 331 258 58 55 U+5829 402 256 55 58 U+F8A6 476 257 50 56 U+9273 542 256 56 52 U+CD0C 616 257 53 57 U+1D42 686 255 56 57 U+8122 758 257 58 59 U+A682 57 331 42 42 U+5015 132 329 43 44 U+C08A 201 335 42 41 U+F76F 268 336 41 43 U+C3B1 338 338 44 45 U+761E 408 340 42 40 U+07FC 480 340 41 44 U+5B1D 549 342 43 42 U+3AB4 620 338 41 44 U+F3A8 694 340 42 45 U+22D6 765 338 41 44
688.png,U+53B3 49 69 68 102 U+B1C8 185 73 66 99 U+5B83 318 70 71 100 U+4EBC 447 68 73 90 U+8E82 591 69 71 89 U+159A 720 62 71 92 U+6901 38 253 98 88 U+B41C 173 259 90 86 U+6595 308 264 89 81 U+4613 443 261 88 80 U+D0D4 577 257 88 91 U+4158 717 256 86 82 U+9A87 43 442 94 85 U+2F43 188 437 86 86 U+04BB 320 439 90 83 U+0438 455 435 91 86 U+8847 590 430 94 89 U+BA06 725 423 92 89 U+CF88 45 614 74 88 U+25FC 183 610 75 92 U+71EF 315 607 82 94 U+8F1A 461 603 70 93 U+9283 591 606 78 89 U+40D5 723 602 86 88 U+41AB 58 797 90 77 U+1785 190 792 84 79 U+A92C 329 797 81 70 U+2794 455 790 91 76 U+19DA 597 792 82 75 U+4FB6 726 778 87 78
689.png,U+5167 1 44 43 94 U+3E8A 83 59 86 94 U+698B 217 41 84 96 U+D342 360 25 84 106 U+4862 492 20 100 101 U+E384 635 19 102 104 U+89C8 769 17 88 110 U+BD5D 2 188 60 109 U+4345 98 177 67 93 U+41F0 227 172 76 107 U+795A 377 175 75 96 U+48AC 514 174 70 111 U+C09C 647 162 77 115 U+6EF5 783 163 79 116 U+6E99 1 324 49 129 U+0DEF 82 325 88 135 U+3633 246 316 86 137 U+3F3B 368 327 86 132 U+E7F3 503 318 94 121 U+AA16 647 303 90 132 U+18E0 773 305 94 140 U+9319 1 465 55 133 U+D0F2 113 462 56 123 U+1F78 233 456 76 135 U+8E9C 385 456 69 111 U+143D 503 459 68 119 U+6C3A 639 457 76 133 U+7353 778 457 70 129
690.jpg,U+5DB2 19 252 110 114 U+8B12 150 252 108 116 U+F7E4 287 262 92 101 U+19E2 419 259 89 100 U+DB3D 551 255 95 114 U+B94A 686 258 95 106 U+9283 815 260 94 105 U+3E59 942 253 107 113 U+AA7B 19 393 110 92 U+F628 153 393 116 98 U+ECA2 286 385 100 96 U+D40A 419 391 93 91 U+6613 557 389 92 97 U+1518 686 385 102 105 U+EB0F 819 380 117 106 U+D1C2 953 387 108 100 U+2C9C 22 510 102 103 U+339A 147 515 112 97 U+21A7 275 507 106 97 U+118A 409 507 108 96 U+4EC6 543 509 115 93 U+5BE8 677 509 105 91 U+D452 808 514 104 89 U+770D 939 514 111 93 U+984F 17 637 105 104 U+1745 153 641 96 90 U+1C99 289 645 99 84 U+212A 415 645 96 91 U+763B 547 649 103 81 U+172C 686 646 101 86 U+04CE 821 646 94 88 U+2533 957 650 92 87 U+EFF5 10 765 106 105 U+8A72 141 759 106 108 U+09B5 279 765 104 108 U+96BC 409 763 101 108 U+0D26 542 767 108 101 U+78E1 677 765 109 109 U+C978 815 763 107 108 U+01E3 949 758 97 116
691.png,U+43C8 204 277 81 86 U+9636 321 279 68 80 U+3FFC 422 277 94 82 U+01EF 544 275 85 83 U+5D6D 134 423 37 42 U+B387 172 424 37 39 U+7E24 302 421 40 42 U+391F 550 418 39 44 U+0BAE 589 421 36 41 U+1987 58 536 107 108 U+C7BD 213 530 107 109 U+1B4C 364 530 109 102 U+0BEA 526 528 96 106 U+873B 677 526 105 106 U+84DB 42 685 122 105 U+70A7 202 688 109 103 U+EC65 359 688 108 107 U+74A1 511 685 109 103 U+4526 672 682 103 99 U+5B09 55 842 101 113 U+8290 212 845 101 107 U+8296 372 841 90 106 U+DE32 528 835 89 111 U+0849 681 833 92 110 U+523B 60 995 102 106 U+B15C 204 996 115 107 U+D4BC 366 993 115 101 U+FB1B 520 985 107 110 U+2038 680 987 118 98 U+D117 51 1158 104 105 U+38E3 211 1156 105 104 U+C39B 370 1157 104 101 U+D16A 531 1152 101 105 U+A8EF 689 1149 101 100 U+B2CF 542 1524 38 45 U+4D0C 681 1529 37 44 U+7002 818 1528 22 46
692.png,U+6C38 61 137 76 130 U+58A4 199 161 79 120 U+F4F6 359 157 98 115 U+757B 481 175 112 113 U+6169 628 192 85 95 U+7DB5 68 302 77 129 U+6132 209 318 83 108 U+9572 359 306 92 116 U+A07B 483 328 123 105 U+4DC5 620 328 99 91 U+2129 64 446 87 127 U+B60A 203 459 93 105 U+BEA2 349 452 87 112 U+A8D0 489 470 112 104 U+FED9 619 483 90 89
693.png,U+0797 27 40 62 57 U+5D97 120 42 68 61 U+B4CA 214 35 67 69 U+2237 311 29 65 57 U+3762 404 40 63 53 U+1D40 502 42 63 52 U+7E8F 596 42 52 49 U+83C7 694 35 64 55 U+FAEC 787 32 67 55 U+44DE 880 29 72 62 U+A921 26 134 68 63 U+4AFE 129 131 56 65 U+4BBB 213 141 62 58 U+B342 312 135 67 69 U+1976 407 129 70 68 U+6FCF 493 129 69 77 U+A3AE 587 130 70 74 U+15E6 691 130 63 74 U+0EBB 785 127 72 78 U+C5BB 878 130 69 69 U+A5B6 27 234 64 61 U+AD76 130 233 55 62 U+F766 223 235 50 53 U+5C27 315 232 54 59 U+3880 415 232 57 66 U+380C 502 227 60 67 U+B436 599 225 55 70 U+3AD2 688 227 65 63 U+B277 792 230 52 56 U+60A9 891 225 52 59 U+1767 31 330 76 70 U+1077 125 329 73 64 U+53FF 212 327 80 66 U+E8D9 307 324 80 71 U+3077 404 317 80 72 U+9FF5 500 323 77 72 U+F1CE 592 319 82 72 U+3DB1 687 321 77 73 U+FED6 785 316 82 74 U+4B8B 875 317 86 71 U+C0CD 35 414 80 86 U+EB5A 124 421 57 74 U+D44E 219 412 70 85 U+E074 318 412 75 81 U+A0AF 400 416 73 79 U+048E 496 411 76 84 U+9EB5 600 416 65 74 U+A03F 694 411 67 81 U+9127 785 410 74 83 U+3683 885 409 63 75
694.jpg,U+DF7F 516 40 75 80 U+AF9F 597 42 65 80 U+B125 16 683 150 146 U+D8CE 235 682 146 152 U+1102 458 673 129 154 U+1A72 675 671 141 161 U+DB86 895 664 117 173
695.png,U+631A 80 17 82 99 U+2658 196 23 81 83 U+B15D 317 21 80 90 U+4900 426 26 89 85 U+113E 539 29 81 84 U+D9AD 652 27 82 90 U+2EA3 758 29 86 87 U+A9C8 870 30 79 81 U+D0F5 977 28 84 86 U+66CB 87 137 73 73 U+8CCE 202 140 72 80 U+C892 308 140 82 75 U+A726 430 140 70 77 U+A854 531 142 77 80 U+5EDE 647 143 71 73 U+C6A1 757 142 83 76 U+3478 870 140 81 82 U+5EDD 982 140 85 79 U+19CA 78 238 83 81 U+BB1B 203 242 77 78 U+89AE 316 240 81 82 U+7AFD 425 245 78 81 U+D6E0 537 249 80 74 U+A657 651 251 82 77 U+BDB1 761 248 83 79 U+ADF7 866 253 74 75 U+265B 983 251 83 76 U+6919 82 347 82 97 U+8791 199 359 84 76 U+B071 308 350 89 86 U+A427 419 357 85 83 U+5CF6 532 349 87 84 U+D12E 647 349 80 88 U+DEFA 754 355 98 84 U+350D 874 352 92 98 U+CE0F 987 358 88 89 U+F805 87 464 75 89 U+324E 197 467 70 80 U+FD43 308 468 74 87 U+1CEC 431 471 73 89 U+AC57 543 465 72 89 U+2F61 650 467 73 90 U+4B31 770 468 71 96 U+EF6F 877 469 77 89 U+5C53 998 468 77 94
696.png,U+0D54 24 42 132 146 U+5993 215 48 136 147 U+9FF0 417 50 124 138 U+9CC6 603 64 130 124 U+850C 804 54 124 141 U+93EB 56 307 90 130 U+727A 236 306 112 125 U+3EBF 426 302 111 132 U+DEB9 613 304 121 124 U+A1B7 804 296 113 129 U+C504 53 553 114 125 U+1D7D 239 558 131 116 U+CDC1 437 555 115 114 U+00A1 622 554 117 112 U+6B73 813 552 118 115 U+CB6D 46 797 114 131 U+18E1 242 800 110 125 U+18AB 427 800 119 129 U+2FC7 620 805 119 123 U+31F1 818 805 128 128 U+44DC 33 1074 134 103 U+3746 226 1077 139 91 U+F744 426 1067 129 101 U+4353 623 1072 127 92 U+7465 818 1071 133 92
697.png,U+ADD7 69 302 128 102 U+946A 288 278 135 130 U+9948 492 273 164 127 U+2E65 701 276 146 129 U+F863 886 273 163 131 U+75FE 47 452 175 124 U+451E 274 444 160 126 U+E2A6 487 444 185 141 U+D63C 708 446 199 147 U+CA2E 910 447 156 136 U+8319 64 608 114 153 U+E1ED 292 591 122 176 U+CC58 527 598 122 156 U+75FA 743 608 108 156 U+EA7E 926 585 107 157 U+4EFE 59 794 129 122 U+624B 242 773 131 161 U+E3C0 477 767 158 174 U+CFE2 729 772 139 157 U+EAFB 907 765 137 152 U+7753 59 935 148 185 U+0EE2 256 942 162 187 U+8D03 496 956 146 183 U+AA24 740 963 144 179 U+5553 888 955 145 179
698.png,U+E37D 71 166 62 60 U+DED9 138 174 55 53 U+9910 203 175 64 64 U+B668 270 179 58 63 U+8169 334 185 62 63 U+D203 398 193 58 61 U+0E5F 460 201 61 59 U+F98B 523 208 57 59 U+0318 587 210 52 64 U+C172 647 216 55 61 U+5B24 705 220 60 63 U+F0B3 288 300 34 36 U+E92B 326 304 32 33 U+6F44 605 326 28 37 U+BF68 636 328 32 38 U+EB06 52 439 59 61 U+4BAB 155 445 60 58 U+0595 252 452 67 54 U+D098 355 459 64 59 U+C692 451 468 62 60 U+E079 553 473 57 58 U+9AE1 648 485 61 52 U+EB62 739 486 64 54 U+F73C 44 563 61 54 U+F1E7 159 570 55 58 U+7414 257 577 64 53 U+CD6C 358 583 57 49 U+9E85 455 594 62 52 U+DA94 552 600 67 53 U+2C54 648 599 61 53 U+687D 743 601 57 58 U+B99A 34 691 63 68 U+4028 143 692 63 71 U+9969 252 706 66 64 U+3472 357 704 61 63 U+46FE 457 710 55 60 U+0A3C 555 714 55 67 U+0CF7 652 719 53 67 U+9FD8 751 722 51 67 U+2263 37 827 60 64 U+D460 142 827 55 60 U+B783 260 836 60 64 U+4B0F 361 841 63 61 U+0D18 466 844 55 55 U+DF3D 566 843 58 65 U+5683 666 851 60 61 U+9281 757 854 60 63
699.png,U+CB98 35 42 89 98 U+1005 165 47 75 94 U+1A01 288 52 87 91 U+07A2 419 52 79 90 U+B32E 538 52 72 90 U+052A 669 49 74 87 U+9B68 783 46 69 87 U+A365 911 46 70 81 U+4011 56 183 66 73 U+B1AB 185 186 69 71 U+A933 311 187 66 73 U+6DFC 434 183 61 74 U+2381 548 186 70 76 U+626A 685 179 63 82 U+C0F3 798 165 64 82 U+62C7 919 162 62 81 U+B714 48 302 83 85 U+94B6 185 314 74 76 U+19D2 320 309 64 70 U+8F63 445 304 62 75 U+30E8 571 299 69 74 U+DB60 691 299 72 74 U+6C37 809 290 68 69 U+1E65 927 280 81 77 U+8C8C 56 441 90 81 U+B833 180 434 92 89 U+B33D 314 433 77 82 U+BB77 438 433 79 76 U+E61A 558 423 81 84 U+F542 689 417 78 85 U+34C6 801 402 91 89 U+9EDD 934 395 77 88 U+0AA4 69 565 69 89 U+D2F5 209 557 67 83 U+E237 343 547 64 89 U+CDAE 450 547 63 89 U+27F8 579 533 66 95 U+F25B 700 533 66 86 U+BD72 834 515 64 96 U+2EFE 952 519 73 95
700.png,U+3B7E 264 232 114 114 U+29E0 285 386 104 123 U+8E88 276 553 116 147 U+7386 289 747 126 107 U+E70F 305 916 125 139
701.jpg,U+572C 109 1 79 87 U+3699 208 8 72 71 U+DF77 299 2 90 82 U+88F4 392 1 90 78 U+5FCA 495 1 86 78 U+39C9 589 2 89 77 U+2135 688 1 86 75 U+95B5 791 1 77 66 U+F4E5 878 2 87 67 U+B585 981 1 85 67 U+A47F 1071 1 95 61 U+00C5 1 189 42 54 U+3F52 426 178 54 56 U+5795 480 181 52 51 U+46D9 911 168 44 51 U+8CAA 960 164 52 57 U+BF3B 560 115 81 124 U+52C3 634 120 84 96 U+8431 707 120 104 100 U+B404 67 418 120 101 U+3E9F 229 407 116 112 U+D719 386 406 95 105 U+10B5 529 399 114 121 U+E05A 676 398 97 110 U+16CB 824 395 108 110 U+144F 981 388 104 113 U+7611 1130 386 102 103 U+405D 92 616 87 93 U+7C71 244 607 88 98 U+1D0F 391 604 73 96 U+5239 535 591 95 113 U+04C9 683 586 84 102 U+05F5 837 580 81 115 U+63FC 990 589 72 91 U+7D91 1138 574 82 102 U+A4A2 98 795 88 113 U+61F3 254 787 81 115 U+DE25 402 789 79 115 U+E0C3 549 781 91 117 U+38BE 704 774 88 118 U+9716 856 771 80 126 U+2C73 998 764 86 128 U+FBF1 1153 763 87 121 U+4B2B 98 985 88 118 U+EDC2 249 980 106 117 U+12E0 397 978 107 119 U+7A01 545 973 120 113 U+4FF1 703 964 116 128 U+5956 851 963 112 126 U+B1DB 998 964 109 121 U+FD81 1169 954 95 122 U+D89D 86 1195 114 107 U+CF60 235 1180 120 115 U+67AC 403 1181 116 116 U+0EE2 547 1178 111 114 U+EDF5 707 1178 110 116 U+8B05 852 1181 105 111 U+B1F4 1001 1175 114 111 U+A2E2 1158 1171 113 114
702.png,U+2996 6 85 92 104 U+AE8D 135 73 136 104 U+AD71 305 63 124 108 U+E346 461 62 143 115 U+4126 630 76 121 103 U+1B74 1 340 77 114 U+3928 156 341 91 109 U+AF14 302 336 100 110 U+CD5A 486 333 88 118 U+278C 640 328 97 112 U+CA0C 1 597 105 142 U+D8AF 152 602 108 126 U+AC7F 330 600 108 143 U+2F78 493 595 102 140 U+335A 644 585 104 149 U+60FD 2 896 137 142 U+A8F5 160 905 136 126 U+AD9A 325 889 139 130 U+781B 482 888 144 125 U+6466 665 867 139 134
703.jpg,U+D7DC 333 325 62 78 U+8F13 472 331 69 83 U+11ED 613 341 61 88 U+F9D8 741 342 68 83 U+46AD 874 347 67 82 U+8A31 324 464 91 77 U+B8AA 463 464 80 75 U+EE4C 596 482 92 76 U+CF36 727 479 91 75 U+2D54 867 486 90 69 U+2D75 316 588 97 72 U+A06C 464 593 91 80 U+048E 593 602 96 72 U+C586 730 606 91 78 U+E1AF 873 615 93 67 U+DC40 324 725 81 92 U+787F 602 727 93 82 U+0964 732 730 91 78 U+B780 888 725 75 102 U+550E 310 862 70 74 U+BB08 462 857 110 81 U+9020 613 882 70 75 U+40EB 735 878 78 67 U+06CD 877 874 71 75
704.png,U+4921 29 78 57 74 U+4B53 124 78 62 77 U+F568 231 81 61 77 U+D15E 335 79 57 79 U+95DF 435 83 62 81 U+8F8D 539 89 62 79 U+379E 643 94 54 77 U+2C72 745 98 56 76 U+EEB5 844 100 55 75 U+E3D6 939 108 56 71 U+1527 16 190 75 59 U+006E 124 194 66 60 U+95D8 225 189 71 67 U+66CE 327 194 71 68 U+709C 437 194 61 68 U+185C 531 199 71 65 U+E214 633 203 72 67 U+EA78 732 206 75 66 U+543C 827 215 78 66 U+A832 927 215 76 66 U+A680 20 289 64 81 U+1AEA 127 288 57 82 U+B79E 233 292 58 83 U+39B2 331 292 59 84 U+CA23 433 296 58 88 U+0902 533 301 67 76 U+3F76 636 302 59 82 U+1698 733 306 65 81 U+622B 837 311 54 79 U+3DE9 936 313 58 79 U+3C2C 26 402 68 64 U+34D1 127 399 68 62 U+0FB0 229 400 72 66 U+45C0 333 404 70 65 U+9636 434 404 71 66 U+C3E3 535 409 66 61 U+2B72 633 411 73 62 U+1388 734 414 72 65 U+B072 829 417 67 62 U+5669 929 417 63 58 U+7AC5 29 490 61 87 U+7844 126 493 67 79 U+BCA9 230 490 60 89 U+10EA 325 498 66 74 U+4517 426 498 64 79 U+6F22 530 502 56 77 U+4E5A 629 505 61 72 U+90D2 726 501 60 74 U+751E 825 504 58 73 U+6573 922 506 60 72
705.png,U+A71B 22 59 75 96 U+D556 144 61 82 103 U+67D7 281 73 87 89 U+8792 397 66 82 98 U+D8FA 531 70 85 96 U+4CCC 653 80 77 96 U+ED3B 773 87 71 93 U+7EAD 882 89 73 83 U+C60A 1002 94 74 87 U+AC40 1121 92 72 89 U+0EA5 1231 95 76 94 U+BC3C 1341 103 75 91 U+FB42 1460 103 67 90 U+1B4F 32 267 82 90 U+5289 161 273 71 87 U+8476 272 282 78 82 U+4694 417 291 74 84 U+D1B1 530 291 77 87 U+1030 654 309 70 80 U+3506 779 305 71 80 U+6BA4 894 300 68 90 U+C736 1006 311 68 81 U+4170 1126 315 74 83 U+DB10 1227 320 68 75 U+1029 1341 313 59 80 U+CF58 1443 317 66 83 U+C7B9 36 482 85 77 U+C3C6 153 483 98 80 U+9499 290 486 88 78 U+7C37 408 497 81 78 U+851A 524 496 67 77 U+A9C5 645 495 74 76 U+1A03 766 496 77 85 U+246F 874 504 87 76 U+F9D9 989 507 87 76 U+FD86 1105 503 83 79 U+A1DD 1223 500 81 84 U+1CC2 1326 506 80 71 U+DBAD 1426 499 67 77 U+370E 1430 678 77 79 U+AD1D 1434 878 79 63 U+8012 1335 684 62 75 U+1078 1320 876 79 68 U+0F9C 1215 685 79 76 U+094D 1209 882 82 71 U+B964 1101 687 76 72 U+8BF1 1096 879 88 63 U+BCB6 985 686 77 77 U+3E01 999 884 97 64 U+0DD3 529 683 82 75 U+C4EF 663 688 69 71 U+7543 765 687 87 77 U+4937 877 689 85 67 U+FCE8 889 892 80 61 U+924E 754 888 90 65 U+531B 646 894 94 64 U+D3B7 526 892 106 64 U+E6B5 27 683 84 79 U+7E3B 168 683 75 74 U+A2CA 278 691 78 73 U+21E8 407 684 85 76 U+ABEF 32 878 90 80 U+20A1 156 880 96 76 U+DA57 268 881 101 77 U+3D77 399 896 113 59
706.png,U+E72A 46 215 56 80 U+9618 135 217 56 78 U+5EB3 213 222 56 77 U+658B 300 226 57 75 U+1305 381 227 56 74 U+3127 460 229 59 76 U+7137 549 234 55 77 U+921D 625 236 62 78 U+CCE0 708 239 58 80 U+2EF1 787 243 55 79 U+FF86 865 244 62 77 U+5524 31 299 64 77 U+2DCC 118 297 69 81 U+9D4B 205 299 61 81 U+E3E7 291 301 72 82 U+3CD5 376 300 72 86 U+B976 458 305 69 86 U+23F9 538 312 67 83 U+4733 621 314 69 86 U+4A4B 708 317 69 78 U+3682 790 318 72 81 U+71FE 869 319 64 80 U+1D34 23 380 67 86 U+7683 113 383 66 83 U+AF0B 203 384 64 87 U+52F9 288 387 70 85 U+3666 381 388 67 88 U+DF59 464 392 68 83 U+1828 551 394 65 85 U+4489 635 399 65 79 U+A35F 714 397 69 83 U+E0B8 803 396 66 84 U+4576 877 399 78 81 U+CE55 5 475 85 74 U+DE57 102 478 78 73 U+9C92 189 476 76 76 U+1C19 279 477 83 76 U+DE50 378 481 70 73 U+1528 457 483 75 70 U+6910 546 485 81 72 U+0F60 632 488 74 71 U+FA1E 721 488 71 71 U+4224 803 488 68 71 U+70B6 888 488 76 67 U+A297 1 559 76 74 U+970F 92 562 76 72 U+97E1 187 564 75 70 U+CD84 276 561 83 76 U+877A 367 563 83 71 U+B46E 458 564 77 77 U+1272 546 564 77 74 U+ED83 633 563 82 73 U+6CA1 721 566 81 69 U+EBDA 808 567 74 72 U+EACC 895 570 78 70
708.png,U+B3CD 47 160 56 95 U+B5D0 152 161 63 97 U+4311 276 159 57 99 U+E22C 382 159 59 104 U+43CB 497 166 53 103 U+1D6D 609 153 51 104 U+F23A 729 157 50 89 U+24F0 11 271 89 87 U+0E72 135 269 77 103 U+8CEB 249 271 80 94 U+4374 364 281 74 94 U+E3D0 469 278 79 97 U+03FA 579 296 80 89 U+60FE 688 293 93 88 U+8F03 48 398 49 92 U+B05A 148 407 58 92 U+E81F 264 407 52 93 U+B0AB 385 405 56 92 U+66B6 485 398 65 101 U+0776 604 391 63 101 U+97AA 736 383 48 95 U+55FD 52 517 57 91 U+5DAE 151 510 61 102 U+CD5B 270 516 55 93 U+8DAF 382 506 58 110 U+7E95 495 498 64 98 U+6034 617 503 60 96 U+9AC5 729 504 53 92 U+0C7E 44 647 88 65 U+96F1 158 650 79 69 U+B145 277 646 65 73 U+B043 379 637 74 74 U+EF77 479 636 91 87 U+3029 598 651 85 73 U+98B5 715 650 70 62
711.png,U+1045 174 1 144 100 U+4A7F 364 1 155 100 U+30AF 585 1 145 87 U+ABFB 793 1 157 90 U+C6EC 1011 2 146 90 U+E5C8 1206 1 139 91 U+F5F2 1406 2 158 104 U+67D6 169 160 137 175 U+80C6 386 159 131 162 U+BD59 581 144 170 177 U+8B14 792 163 146 168 U+99BE 997 153 148 183 U+EDAD 1223 162 134 163 U+8908 1445 167 121 155 U+3A58 133 397 150 134 U+AD36 357 392 156 149 U+78ED 579 384 161 146 U+1193 798 372 167 166 U+12B1 1018 372 179 161 U+7659 1251 380 154 156 U+4434 1476 367 163 152 U+9A4A 99 637 146 155 U+6294 327 615 183 204 U+DDAD 548 619 162 172 U+A187 860 653 125 143 U+B4C4 1001 641 163 148 U+0779 1238 635 155 160 U+0DD9 1454 630 146 158 U+E0FE 79 880 177 187 U+F33A 326 882 169 178 U+838A 545 896 156 171 U+A2FD 791 886 155 176 U+C702 1023 877 164 177 U+9D85 1270 874 156 186 U+86DC 1500 859 164 201
712.png,U+5065 18 12 107 104 U+9DB5 136 12 108 98 U+9CEC 260 16 90 96 U+D8C1 381 12 108 100 U+6208 501 16 101 97 U+D75B 628 10 100 95 U+029D 751 19 103 86 U+C8C4 8 140 115 102 U+033F 133 135 112 97 U+413B 249 136 128 105 U+8DD1 380 144 116 101 U+211D 500 150 111 91 U+D1DB 622 144 117 94 U+67B8 748 151 116 87 U+36BF 35 271 61 108 U+21AE 170 272 51 101 U+780E 284 272 56 104 U+ADFA 410 273 52 100 U+F16C 533 278 48 93 U+3C28 655 278 51 94 U+D899 780 276 48 87 U+BDB0 13 405 102 95 U+1C9B 137 411 100 93 U+131C 263 412 98 96 U+503D 387 401 102 97 U+A6F5 505 404 104 111 U+BDBB 628 408 101 108 U+6537 752 402 105 103 U+F2D0 14 534 102 92 U+7504 140 529 104 95 U+7D70 269 535 92 91 U+6C03 384 534 100 94 U+5856 506 535 110 96 U+6343 630 534 107 90 U+49AF 759 528 96 89
